Date,AAPL,AMZN,CRM,MRNA,MSFT,NIO,NNDM,NVDA,PFE,TSLA
2019-01-02 ,157.5225,1536.73,135.29,15.29,101.01,6.205,1.23,136.0,43.2399,309.8699
2019-01-03 ,142.29,1502.07,130.46,15.51,97.5,6.055,1.23,128.37,42.12,300.31
2019-01-04 ,148.12,1574.54,137.85,16.975,101.775,6.34,1.26,135.85,43.035,317.54
2019-01-07 ,147.91,1631.12,142.19,16.35,102.15,6.5,1.2,143.61,43.305,334.986
2019-01-08 ,150.63,1655.835,145.81,16.95,102.73,6.399,1.21,139.6,43.41,335.49
2019-01-09 ,153.37,1657.59,145.95,16.27,104.25,6.62,1.23,142.59,43.315,338.52
2019-01-10 ,153.55,1655.5,147.02,16.485,103.57,6.665,1.27,145.3,42.27,344.91
2019-01-11 ,152.0534,1639.66,147.2,16.96,102.81,6.5816,1.23,148.91,42.78,347.35
2019-01-14 ,149.76,1619.8767,145.87,16.74,102.12,6.77,1.2599,150.745,42.36,334.7
2019-01-15 ,152.95,1672.75,149.0,16.61,104.78,6.84,1.26,149.5,42.665,344.345
2019-01-16 ,154.91,1681.9703,148.5,16.28,105.39,6.72,1.27,148.72,42.045,345.89
2019-01-17 ,155.53,1691.37,149.88,16.3168,106.1,6.82,1.27,151.73,42.455,347.15
2019-01-18 ,156.57,1693.2421,152.39,16.76,107.6,6.7001,1.34,156.91,42.44,302.22
2019-01-22 ,152.93,1628.398,148.47,15.5601,105.315,6.565,1.25,148.2887,42.12,298.18
2019-01-23 ,153.6799,1636.55,149.4,14.82,106.54,6.53,1.26,149.15,42.12,287.18
2019-01-24 ,152.63,1654.97,147.18,14.65,106.23,6.57,1.26,157.75,40.955,291.855
2019-01-25 ,157.5,1668.6,149.555,14.84,106.95,6.67,1.27,159.91,40.58,297.0
2019-01-28 ,156.0878,1636.185,147.155,14.46,105.015,6.67,1.28,137.88,39.5189,296.38
2019-01-29 ,154.5,1592.73,144.97,14.63,102.89,6.93,1.145,131.555,40.8,297.18
2019-01-30 ,165.49,1670.2312,149.12,15.12,106.28,7.43,1.06,137.16,41.52,308.705
2019-01-31 ,166.6249,1720.41,151.85,16.59,104.4575,7.87,0.97,143.64,42.535,307.0679
2019-02-01 ,166.62,1623.8,155.725,16.24,102.625,7.8501,0.8534,144.665,42.855,312.1801
2019-02-04 ,170.99,1630.5,157.38,16.26,105.62,7.84,0.908,149.01,42.37,312.465
2019-02-05 ,174.01,1656.87,158.77,17.21,107.11,7.87,0.8702,149.8,42.125,321.37
2019-02-06 ,174.1699,1639.42,157.99,18.16,106.06,8.3866,0.8151,152.89,42.325,317.77
2019-02-07 ,170.64,1611.6058,154.74,17.0673,105.19,7.995,0.799,147.19,41.655,307.5999
2019-02-08 ,170.04,1585.7397,156.45,17.95,105.42,7.655,0.8059,147.84,42.125,305.34
2019-02-11 ,169.43,1591.8,159.91,18.13,105.255,7.43,0.8211,146.2564,41.68,313.02
2019-02-12 ,170.7384,1637.89,162.78,18.6544,106.835,7.425,0.8299,150.97,41.78,311.99
2019-02-13 ,169.98,1640.3726,160.38,18.485,106.785,7.49,0.86,152.83,41.61,308.34
2019-02-14 ,170.98,1623.8774,159.5649,19.66,106.96,7.465,0.8382,154.41,42.01,303.98
2019-02-15 ,170.25,1607.5299,158.94,21.42,108.13,7.41,0.842,157.321,42.41,307.8181
2019-02-19 ,170.8499,1627.4731,160.57,20.82,108.13,7.24,0.8451,156.57,42.57,305.59
2019-02-20 ,172.09,1622.62,158.46,19.89,107.2,7.615,0.83,158.57,42.2111,302.53
2019-02-21 ,171.14,1619.9,159.67,19.38,109.44,7.63,0.825,155.81,42.15,291.24
2019-02-22 ,172.97,1631.19,161.28,19.87,110.965,8.175,0.8205,159.22,42.965,294.69
2019-02-25 ,174.26,1633.0,161.34,21.64,111.59,9.0,0.87,158.69,43.06,298.7
2019-02-26 ,174.35,1636.33,163.0,23.68,112.36,9.78,0.858,157.14,43.0,297.81
2019-02-27 ,174.88,1641.09,163.15,22.1,112.19,9.83,0.8499,155.4,42.93,314.795
2019-02-28 ,173.2,1639.79,163.64,22.53,112.05,9.55,0.84,154.29,43.33,319.81
2019-03-01 ,174.97,1671.26,164.5,22.31,112.52,10.05,0.84,156.44,43.37,294.66
2019-03-04 ,175.86,1696.16,158.6,21.16,112.28,9.82,0.83,156.8,43.09,285.3
2019-03-05 ,175.51,1691.81,156.9752,21.38,111.68,10.13,0.835,156.51,42.89,276.64
2019-03-06 ,174.51,1669.16,156.76,20.63,111.74,8.0,0.8313,152.04,41.87,276.23
2019-03-07 ,172.47,1626.28,155.54,20.58,110.38,7.0899,0.82,149.25,41.4,276.6
2019-03-08 ,172.92,1622.11,155.09,20.93,110.52,7.055,0.82,150.67,40.8899,284.13
2019-03-11 ,178.98,1670.32,157.61,20.4,112.83,6.59,0.8255,161.13,41.5,290.86
2019-03-12 ,180.94,1672.42,158.2,19.2253,113.64,6.39,0.8372,162.51,41.75,283.37
2019-03-13 ,181.72,1690.8,159.78,19.97,114.51,6.5399,0.841,168.62,42.01,288.91
2019-03-14 ,183.73,1685.29,160.7,20.82,114.57,6.02,0.7305,165.56,41.2,289.96
2019-03-15 ,186.21,1712.91,161.51,21.83,115.9,5.75,0.75,169.82,41.78,275.5492
2019-03-18 ,188.03,1742.0,161.97,22.15,117.59,5.74,0.75,168.97,41.82,269.52
2019-03-19 ,186.54,1762.7,163.96,20.3,117.7,5.97,0.76,175.74,42.32,267.38
2019-03-20 ,188.17,1797.73,163.47,20.04,117.52,5.85,0.7598,174.4,42.17,273.5
2019-03-21 ,195.05,1818.4,166.91,19.33,120.64,5.84,0.77,183.9,42.36,274.045
2019-03-22 ,191.06,1764.06,161.52,19.0,117.05,5.62,0.7455,177.5,41.855,264.64
2019-03-25 ,188.77,1774.07,160.89,19.41,117.65,5.345,0.723,173.78,41.89,260.49
2019-03-26 ,186.79,1784.47,159.37,19.91,117.93,4.97,0.701,176.95,42.41,267.7602
2019-03-27 ,188.47,1766.0,155.08,19.26,116.77,4.98,0.702,176.59,42.03,274.9
2019-03-28 ,188.71,1773.67,155.19,19.705,116.94,4.9901,0.6789,177.22,42.29,278.58
2019-03-29 ,189.94,1781.09,158.42,20.32,117.95,5.09,0.7099,179.58,42.47,279.75
2019-04-01 ,191.24,1814.36,161.19,20.58,119.02,5.21,0.7158,182.31,42.84,289.18
2019-04-02 ,194.04,1814.0,160.52,19.68,119.18,5.39,0.783348,183.0,42.91,285.85
2019-04-03 ,195.35,1820.41,162.62,21.29,119.97,5.32,0.7503,188.62,42.83,291.76
2019-04-04 ,195.72,1819.51,158.49,23.08,119.33,5.3586,0.766677,188.285,42.75,267.8
2019-04-05 ,196.97,1837.65,158.56,26.05,119.88,5.36,0.7676,190.95,42.99,274.96
2019-04-08 ,200.08,1849.679,158.43,27.24,119.89,5.3,0.77,191.78,43.13,273.15
2019-04-09 ,199.5,1836.52,156.98,26.82,119.31,5.08,0.7859,189.28,42.84,272.4
2019-04-10 ,200.66,1847.33,160.28,26.8,120.22,5.04,0.755,192.149,42.75,276.05
2019-04-11 ,198.95,1844.5,160.77,25.64,120.33,5.01,0.7212,191.51,42.26,268.4498
2019-04-12 ,198.88,1842.96,160.73,24.57,120.96,4.98,0.7401,190.0,41.715,267.68
2019-04-15 ,199.23,1844.85,160.09,25.85,121.06,4.77,0.7423,184.7,42.09,266.38
2019-04-16 ,199.25,1862.92,158.73,23.82,120.79,4.45,0.7375,188.28,40.91,273.31
2019-04-17 ,203.12,1864.82,155.32,23.55,121.75,4.59,0.73,187.27,39.87,271.219
2019-04-18 ,203.86,1861.4,156.0,22.53,123.37,4.785,0.7,186.3,39.38,273.26
2019-04-22 ,204.64,1888.04,158.79,23.625,123.76,4.78,0.7321,188.45,38.97,262.8943
2019-04-23 ,207.51,1924.17,161.21,24.74,125.44,4.82,0.7799,190.67,39.42,263.98
2019-04-24 ,207.18,1900.88,159.56,25.75,125.09,5.0,0.7595,191.17,39.385,258.6906
2019-04-25 ,205.24,1902.16,163.11,25.74,129.08,4.89,0.7539,186.84,39.62,247.573
2019-04-26 ,204.29,1950.9,166.0,26.17,129.89,4.91,0.75,178.09,39.96,235.04
2019-04-29 ,204.61,1939.0,165.36,25.15,129.74,4.98,0.73,179.36,39.61,241.4375
2019-04-30 ,200.57,1926.53,165.28,26.03,130.58,4.85,0.7301,181.09,40.58,238.69
2019-05-01 ,210.52,1911.29,162.14,26.39,127.8768,4.6962,0.7302,180.47,40.76,234.01
2019-05-02 ,209.17,1901.72,161.82,28.33,126.2,4.74,0.71944,183.19,41.01,244.08
2019-05-03 ,211.78,1961.76,163.35,27.209,128.89,5.015,0.7201,183.0,41.37,255.04
2019-05-06 ,208.6,1950.29,162.54,27.1,128.16,4.87,0.7348,179.88,41.65,255.335
2019-05-07 ,202.86,1922.58,156.86,24.56,125.57,4.84,0.73,173.2,40.82,247.06
2019-05-08 ,202.9,1916.85,156.87,23.53,125.44,4.565,0.7219,173.88,40.96,244.76
2019-05-09 ,200.72,1900.01,156.31,23.31,125.51,4.6,0.6907,170.2,40.64,241.98
2019-05-10 ,197.3,1889.98,159.95,24.87,127.19,4.57,0.683,168.84,40.73,239.51
2019-05-13 ,185.72,1822.62,153.11,24.45,123.31,4.32,0.6732,158.4,40.6,227.01
2019-05-14 ,188.65,1840.05,158.05,23.59,124.72,4.67,0.6781,162.03,40.66,232.12
2019-05-15 ,190.92,1871.12,155.07,23.01,126.05,4.72,0.66,159.58,41.16,231.92
2019-05-16 ,190.14,1907.86,158.52,23.49,128.95,4.67,0.6589,160.24,41.65,228.245
2019-05-17 ,188.98,1867.99,154.53,23.02,128.07,4.42,0.5956,156.535,41.46,211.0731
2019-05-20 ,183.09,1858.04,155.89,22.6,126.2,4.25,0.575,151.67,41.58,205.34
2019-05-21 ,186.59,1858.11,155.79,22.71,126.9,4.28,0.569169,155.06,41.66,204.97
2019-05-22 ,182.79,1859.425,157.67,21.95,127.66,4.05,0.55,152.2,41.99,192.69
2019-05-23 ,179.67,1815.67,153.73,21.38,126.18,3.92,0.5342,147.37,41.92,195.48
2019-05-24 ,179.06,1823.3,154.59,21.81,126.23,3.86,0.52,145.13,41.97,190.7257
2019-05-28 ,178.17,1836.56,155.15,21.54,126.05,3.98,0.5101,143.3,41.9,188.72
2019-05-29 ,177.35,1820.2,152.84,21.77,124.94,3.6,0.496517,140.31,41.71,189.89
2019-05-30 ,178.25,1815.81,155.65,21.56,125.73,3.24,0.5,139.11,41.9,188.18
2019-05-31 ,175.0,1775.07,151.44,20.74,123.59,3.03,0.48,135.46,41.52,185.48
2019-06-03 ,173.28,1692.76,145.03,19.94,119.88,2.96,0.5354,133.78,41.93,179.01
2019-06-04 ,179.67,1730.18,150.72,19.5,123.2,3.05,0.4979,143.02,42.23,193.91
2019-06-05 ,182.541,1739.48,158.41,17.7,125.83,2.8366,0.47,141.33,42.51,196.677
2019-06-06 ,185.23,1754.6292,159.37,17.94,127.9,2.645,0.4639,143.79,42.76,206.08
2019-06-07 ,190.14,1804.02,161.22,17.52,131.4,2.77,0.453,145.5,42.92,204.39
2019-06-10 ,192.52,1860.63,152.8,15.68,132.6,2.63,0.4332,148.45,43.05,212.88
2019-06-11 ,194.81,1863.7,150.05,16.09,132.1,2.61,0.4221,150.76,42.67,217.1
2019-06-12 ,194.19,1855.3,151.26,16.3,131.49,2.54,0.469956,146.165,43.1,209.2173
2019-06-13 ,194.74,1870.748,151.34,16.12,132.32,2.53,0.4995,148.32,42.51,213.89
2019-06-14 ,192.745,1870.17,149.9801,15.4,132.47,2.41,0.48,144.58,42.76,214.92
2019-06-17 ,193.95,1886.0,150.28,15.76,132.89,2.46,0.4988,145.02,42.87,225.03
2019-06-18 ,198.5,1902.15,150.6,15.73,135.18,2.53,0.4921,152.89,43.08,224.74
2019-06-19 ,197.86,1909.03,154.1,15.49,135.59,2.755,0.4976,153.11,43.49,226.33
2019-06-20 ,199.3794,1917.95,157.21,15.17,136.89,2.845,0.5,154.1,43.61,219.59
2019-06-21 ,198.8,1911.1,156.78,14.78,136.94,2.63,0.4962,151.76,43.69,221.89
2019-06-24 ,198.55,1913.96,152.54,14.04,137.79,2.64,0.4751,152.66,43.77,223.64
2019-06-25 ,195.57,1878.64,149.27,13.79,133.43,2.6,0.465,151.48,43.78,219.77
2019-06-26 ,199.8,1897.75,149.04,13.69,133.93,2.55,0.4677,159.25,42.99,219.18
2019-06-27 ,199.73,1903.67,150.67,14.34,134.14,2.6,0.45,163.23,43.42,222.81
2019-06-28 ,197.92,1889.83,151.53,14.61,133.93,2.54,0.48,164.16,43.33,223.46
2019-07-01 ,201.68,1922.26,154.01,14.73,135.69,2.61,0.483,166.2,43.77,227.16
2019-07-02 ,202.71,1934.79,154.12,14.4,136.57,2.83,0.4901,162.2201,44.22,224.62
2019-07-03 ,204.41,1939.0,155.73,15.31,137.45,3.16,0.5248,162.76,44.4,234.9
2019-07-05 ,204.25,1943.1,154.61,14.96,137.07,3.26,0.5151,160.33,43.925,233.15
2019-07-08 ,200.01,1952.33,152.81,14.29,136.97,3.493,0.4101,157.26,43.3,230.38
2019-07-09 ,201.22,1987.35,153.91,14.84,136.435,3.7,0.415,157.32,43.37,230.06
2019-07-10 ,203.21,2017.77,156.24,14.5,137.86,3.6565,0.4289,160.06,44.055,238.92
2019-07-11 ,201.74,2001.07,158.88,14.4,138.4,3.41,0.41,166.28,42.98,238.6
2019-07-12 ,203.24,2010.02,158.08,14.2,138.89,3.47,0.420688,167.6,42.4,245.06
2019-07-15 ,205.2,2021.0,159.65,14.31,138.94,3.3887,0.406,167.31,42.76,253.48
2019-07-16 ,204.49,2010.0,157.09,14.135,137.08,3.3,0.392905,167.07,42.855,252.4
2019-07-17 ,203.28,1992.16,158.24,14.05,136.22,3.4299,0.385,169.69,42.74,254.83
2019-07-18 ,205.66,1978.67,157.96,14.28,136.28,3.43,0.3799,170.18,43.06,253.59
2019-07-19 ,202.57,1965.0,156.78,14.09,136.62,3.365,0.38,168.44,42.79,258.0789
2019-07-22 ,207.22,1985.92,157.72,14.05,138.43,3.385,0.37,171.31,42.82,255.65
2019-07-23 ,208.825,1994.47,156.29,13.59,139.29,3.465,0.3641,175.71,43.1,260.1
2019-07-24 ,208.67,2001.04,159.75,14.46,140.72,3.68,0.4222,178.7,42.89,265.0288
2019-07-25 ,207.05,1975.02,159.3,13.5,140.19,3.5,0.3899,173.32,42.69,228.8102
2019-07-26 ,207.75,1943.05,159.97,14.11,141.34,3.51,0.4016,175.04,43.1,228.0
2019-07-29 ,209.67,1912.87,156.21,13.69,141.04,3.46,0.4044,174.82,41.45,235.792
2019-07-30 ,208.884,1899.22,156.99,13.4,140.37,3.38,0.407,175.46,38.8137,242.26
2019-07-31 ,212.78,1866.39,154.47,13.1,136.21,3.47,0.4016,168.72,38.86,241.62
2019-08-01 ,208.4595,1855.33,150.79,13.01,138.06,3.28,0.4026,164.92,38.25,233.94
2019-08-02 ,204.09,1823.52,145.7,12.74,136.9,3.27,0.3855,161.17,38.0,234.2784
2019-08-05 ,193.22,1765.13,142.85,12.28,132.2,2.9583,0.3484,150.73,36.95,228.48
2019-08-06 ,196.98,1787.44,142.8,12.28,134.66,3.1,0.3651,152.34,36.95,230.63
2019-08-07 ,199.14,1793.39,141.63,12.87,135.28,3.09,0.363799,153.97,36.58,233.47
2019-08-08 ,203.45,1834.26,143.88,13.21,138.91,3.17,0.38,158.31,36.89,238.29
2019-08-09 ,200.93,1807.88,143.42,13.33,137.69,3.13,0.367,154.18,36.35,235.0
2019-08-12 ,200.5,1784.75,140.72,13.01,135.81,3.05,0.3598,151.45,35.39,229.02
2019-08-13 ,208.98,1824.29,143.92,13.32,138.6,3.15,0.35,156.08,35.2,234.97
2019-08-14 ,202.75,1762.96,139.7,12.73,133.98,2.9,0.3251,150.07,34.23,219.59
2019-08-15 ,201.74,1775.41,142.15,12.67,133.691,2.82,0.305443,148.7975,34.48,215.52
2019-08-16 ,206.44,1791.8,143.88,13.17,136.13,2.955,0.316,159.49,34.66,219.92
2019-08-19 ,210.34,1816.83,143.67,13.41,138.41,3.01,0.3235,170.77,35.18,226.81
2019-08-20 ,210.35,1801.35,145.57,14.18,137.24,3.17,0.31,167.84,34.62,225.65
2019-08-21 ,212.65,1823.38,147.36,14.32,138.78,3.06,0.3149,171.24,34.87,220.79
2019-08-22 ,212.45,1804.25,148.3175,14.16,137.77,3.02,0.3,171.46,35.1,222.05
2019-08-23 ,202.63,1750.77,151.52,13.89,133.4,2.91,0.2989,162.52,34.36,211.39
2019-08-26 ,206.6,1770.0,155.18,14.98,135.54,2.91,0.296212,165.46,34.86,214.98
2019-08-27 ,204.14,1761.92,153.6,14.51,135.75,2.92,0.2915,161.81,34.32,214.16
2019-08-28 ,205.52,1764.0,151.84,14.815,135.55,2.86,0.2902,161.21,35.08,215.59
2019-08-29 ,209.1,1786.46,155.94,15.18,138.16,2.855,0.2901,166.99,35.34,221.7
2019-08-30 ,208.74,1776.19,156.05,15.74,137.92,2.875,0.3,167.51,35.51,225.6
2019-09-03 ,205.695,1789.51,152.81,14.88,136.12,2.6,0.3,164.16,36.12,225.11
2019-09-04 ,209.25,1800.46,152.5,15.42,137.69,2.75,0.3001,168.76,35.82,220.71
2019-09-05 ,213.27,1840.73,153.75,15.53,140.05,2.95,0.302,179.76,36.33,229.48
2019-09-06 ,213.27,1833.51,151.1,15.91,139.13,2.975,0.29,178.65,36.49,227.49
2019-09-09 ,214.15,1831.29,149.53,16.045,137.58,3.14,0.28,180.44,36.83,231.78
2019-09-10 ,216.77,1821.31,149.57,17.11,136.15,3.32,0.2949,183.24,37.37,235.54
2019-09-11 ,223.587,1822.49,154.11,15.91,136.15,3.27,0.295,184.41,37.4,247.23
2019-09-12 ,223.09,1843.0,154.73,16.4,137.5414,3.18,0.32382,184.26,37.3,245.86
2019-09-13 ,218.8,1839.34,152.92,16.73,137.21,3.23,0.335,181.92,36.9,245.27
2019-09-16 ,219.9,1808.23,152.99,17.07,136.4,3.11,0.3241,180.2,36.82,242.7
2019-09-17 ,220.65,1822.62,152.79,17.66,137.39,3.17,0.3209,181.02,36.51,244.79
2019-09-18 ,222.77,1817.59,152.77,17.74,138.53,3.0806,0.3112,179.99,36.38,243.43
2019-09-19 ,220.95,1821.54,153.59,17.89,141.08,3.105,0.3332,176.91,36.51,246.58
2019-09-20 ,217.69,1794.89,155.13,18.05,139.28,3.03,0.3299,172.62,36.69,240.59
2019-09-23 ,218.68,1784.29,154.64,17.81,139.09,2.715,0.319318,174.84,36.24,241.25
2019-09-24 ,217.68,1742.34,152.15,17.76,137.38,2.165,0.355,172.56,36.02,223.2817
2019-09-25 ,220.99,1768.08,152.94,17.18,139.36,2.0522,0.36995,178.27,35.9,228.7
2019-09-26 ,219.89,1740.12,152.36,16.32,139.57,1.955,0.41,177.37,35.79,242.52
2019-09-27 ,218.85,1725.85,148.28,15.9,137.75,1.73,0.3925,171.79,36.23,242.13
2019-09-30 ,223.98,1736.12,148.38,15.905,139.03,1.555,0.4013,174.07,35.925,240.84
2019-10-01 ,224.58,1736.11,147.66,14.8,137.06,1.315,0.4449,173.94,35.44,244.69
2019-10-02 ,218.96,1713.23,144.22,14.85,134.63,1.62,0.475,173.12,34.7,243.24
2019-10-03 ,220.81,1724.25,147.04,15.08,136.3,1.65,0.46,181.32,35.46,232.92
2019-10-04 ,227.01,1739.4,148.0,15.48,138.11,1.62,0.430363,182.04,35.935,231.4159
2019-10-07 ,227.06,1732.5,148.8,15.48,137.1,1.545,0.3919,184.33,35.83,237.72
2019-10-08 ,224.39,1705.25,145.88,15.32,135.66,1.715,0.3641,177.23,35.435,240.0
2019-10-09 ,227.0,1721.79,147.09,14.19,138.21,1.635,0.376945,180.71,35.7,244.53
2019-10-10 ,230.09,1720.56,146.38,14.16,139.1,1.52,0.37,183.01,35.8,244.74
2019-10-11 ,236.22,1729.98,149.34,14.06,139.61,1.56,0.38,185.95,36.11,247.77
2019-10-14 ,235.89,1736.5,149.36,13.93,139.54,1.53,0.3761,186.54,36.3,256.92
2019-10-15 ,235.32,1767.35,152.73,14.32,141.57,1.56,0.36,196.42,36.5,257.86
2019-10-16 ,234.39,1777.42,146.97,14.15,140.48,1.46,0.3545,194.21,36.35,259.6902
2019-10-17 ,235.29,1787.47,146.17,14.53,139.67,1.465,0.349232,194.29,36.47,261.98
2019-10-18 ,236.28,1757.79,144.08,14.81,137.34,1.52,0.3499,190.42,36.46,256.9899
2019-10-21 ,240.53,1785.835,144.54,15.5,138.43,1.7197,0.353,196.0301,36.45,253.43
2019-10-22 ,239.97,1765.34,142.37,15.91,136.39,1.54,2.87,195.53,36.44,255.52
2019-10-23 ,243.14,1761.99,145.118,16.84,137.25,1.55,3.21,195.1,36.775,254.889
2019-10-24 ,243.6,1781.5935,148.12,16.56,139.95,1.54,3.3639,196.83,36.38,299.62
2019-10-25 ,246.58,1762.0,150.46,16.99,140.73,1.52,3.13,204.54,36.76,328.19
2019-10-28 ,249.04,1777.04,154.78,17.04,144.2,1.47,3.15,206.77,37.27,327.51
2019-10-29 ,243.29,1763.04,155.15,17.0,142.81,1.4,3.6,202.9,38.21,316.2
2019-10-30 ,243.29,1780.0,158.29,17.1,144.56,1.45,3.28,203.1,38.49,314.86
2019-10-31 ,248.84,1777.1431,156.49,16.72,143.39,1.4751,3.19,201.14,38.4,315.09
2019-11-01 ,255.84,1791.47,159.78,15.63,143.72,1.53,3.18,202.74,38.4,313.21
2019-11-04 ,257.48,1805.27,157.64,16.79,144.52,1.72,3.175,210.57,38.04,317.425
2019-11-05 ,257.15,1801.7,158.16,16.89,144.46,2.355,3.01,209.63,37.495,317.16
2019-11-06 ,257.24,1795.94,158.92,16.13,144.06,2.045,2.96,207.6,37.61,326.7
2019-11-07 ,259.5,1788.2,159.5,17.4901,144.28,2.065,2.97,208.4,36.92,335.39
2019-11-08 ,260.14,1785.88,161.17,17.47,145.96,1.99,3.09,207.77,37.0436,337.12
2019-11-11 ,262.2,1771.9,161.82,17.38,146.12,1.8559,2.96,208.13,36.92,345.1
2019-11-12 ,261.98,1778.23,162.86,17.99,147.08,1.955,2.91,209.61,36.97,349.95
2019-11-13 ,264.47,1753.4,162.58,18.28,147.34,1.89,2.71,208.56,36.6,345.99
2019-11-14 ,262.69,1754.65,163.09,18.35,148.06,1.7487,2.61,209.8,36.55,349.36
2019-11-15 ,265.75,1739.08,163.2,19.37,149.95,1.8179,2.74,204.12,37.27,352.24
2019-11-18 ,267.12,1752.86,162.76,19.45,150.34,1.79,2.76,212.27,37.21,349.98
2019-11-19 ,266.29,1753.16,164.0,19.41,150.39,1.849,2.73,208.0,37.65,359.52
2019-11-20 ,263.22,1746.6335,164.64,20.17,149.62,1.84,2.69,211.175,37.05,352.4
2019-11-21 ,262.01,1735.0,162.86,20.2,149.49,1.98,2.6564,210.19,37.74,354.9697
2019-11-22 ,261.84,1745.85,162.78,20.7,149.63,1.94,2.6801,210.89,38.32,332.99
2019-11-25 ,266.42,1773.69,161.65,19.99,151.2247,2.065,2.69,221.23,38.67,336.3009
2019-11-26 ,264.1,1796.99,162.46,20.29,152.0,2.29,2.635,217.08,38.28,328.93
2019-11-27 ,267.8999,1818.23,161.48,20.36,152.34,2.47,2.62,218.24,38.64,331.05
2019-11-29 ,267.18,1800.96,162.91,20.33,151.38,2.28,2.6,216.74,38.57,330.04
2019-12-02 ,264.09,1781.61,161.09,19.77,149.55,2.4378,2.608,209.16,38.3,334.86
2019-12-03 ,259.52,1770.33,161.65,21.2537,149.32,2.39,2.65,207.67,38.05,336.08
2019-12-04 ,261.74,1760.48,156.49,21.26,149.83,2.42,2.6548,209.41,38.14,332.99
2019-12-05 ,265.58,1740.48,158.23,20.63,149.92,2.2712,2.7337,208.74,38.03,330.34
2019-12-06 ,270.7,1751.59,158.01,18.93,151.75,2.27,2.8645,212.18,38.29,335.85
2019-12-09 ,266.92,1749.42,157.48,18.82,151.36,2.23,2.9,212.12,38.32,339.4
2019-12-10 ,268.62,1739.49,156.44,18.87,151.17,2.2721,2.7235,213.99,38.48,348.83
2019-12-11 ,270.74,1748.9,156.38,18.64,151.69,2.26,2.675,217.35,38.22,352.5
2019-12-12 ,271.46,1760.18,158.59,18.45,153.23,2.28,2.638,224.11,38.53,359.67
2019-12-13 ,275.26,1760.93,161.1,18.6,154.54,2.4,2.63,223.99,38.3,358.37
2019-12-16 ,279.86,1769.21,161.95,18.5,155.54,2.49,2.58,225.2,39.15,381.51
2019-12-17 ,280.42,1790.66,161.64,18.43,154.79,2.6,2.57,228.3,38.9,378.9101
2019-12-18 ,279.71,1782.36,161.48,18.59,154.37,2.62,2.5556,229.42,38.89,393.1
2019-12-19 ,280.03,1792.29,163.32,19.41,155.71,2.62,2.46,235.5,38.98,404.02
2019-12-20 ,279.28,1786.57,164.51,19.77,157.39,2.695,2.51,239.39,39.22,405.55
2019-12-23 ,283.97,1793.0,163.755,19.71,157.41,2.665,2.5527,238.82,39.32,419.18
2019-12-24 ,284.2762,1789.63,163.27,19.73,157.39,2.52,2.5039,238.62,39.29,425.18
2019-12-26 ,289.91,1869.02,164.51,19.86,158.67,2.52,2.405,239.14,39.38,430.8202
2019-12-27 ,289.83,1869.26,164.98,19.52,158.95,2.42,2.45,236.87,39.32,430.23
2019-12-30 ,291.647,1847.18,162.46,19.05,157.68,3.77,2.3886,232.31,38.92,414.62
2019-12-31 ,293.37,1847.64,162.65,19.56,157.49,4.02,2.45,235.35,39.16,418.17
2020-01-02 ,300.58,1897.71,167.05,19.23,160.73,3.72,2.55,239.86,39.14,430.24
2020-01-03 ,297.38,1874.93,166.17,18.89,158.59,3.83,2.51,236.04,38.92,442.75
2020-01-06 ,299.78,1903.33,173.4234,18.12,159.02,3.69,2.5,237.03,38.87,451.4001
2020-01-07 ,298.27,1906.86,176.04,17.81,157.6,3.25,2.41,239.94,38.76,469.17
2020-01-08 ,303.15,1892.09,177.33,17.96,160.14,3.385,2.4501,240.49,39.05,492.09
2020-01-09 ,309.71,1901.0,179.6,18.403,162.09,3.47,2.4224,243.02,38.89,481.49
2020-01-10 ,310.37,1882.98,180.23,19.12,161.32,3.51,2.4117,244.33,39.49,477.96
2020-01-13 ,316.97,1891.41,183.75,20.26,163.28,3.7,2.3669,251.98,39.41,524.85
2020-01-14 ,312.69,1869.2,182.08,19.99,162.15,3.78,2.3615,247.29,40.07,538.0
2020-01-15 ,311.5,1862.01,181.06,20.24,163.29,4.29,2.2801,245.57,40.68,518.505
2020-01-16 ,315.33,1877.95,182.67,21.01,166.21,4.37,2.29,249.0,40.61,513.49
2020-01-17 ,318.67,1864.71,182.19,20.65,167.05,4.67,2.2892,249.27,40.51,510.19
2020-01-21 ,316.55,1892.55,185.31,20.94,166.49,5.17,2.5663,247.96,40.36,547.3007
2020-01-22 ,317.7,1887.46,182.8,21.97,165.69,4.8,2.5401,250.11,40.19,569.43
2020-01-23 ,319.2899,1884.58,184.03,21.48,166.72,4.88,2.7,252.79,40.71,571.9422
2020-01-24 ,318.33,1861.64,182.07,21.11,165.04,4.64,2.55,250.55,39.83,564.96
2020-01-27 ,308.96,1828.89,180.7,22.71,162.26,4.0059,2.34,240.18,40.15,557.54
2020-01-28 ,317.76,1853.33,182.88,22.35,165.46,4.2,2.42,248.0,38.13,566.82
2020-01-29 ,324.32,1858.0,181.77,20.53,168.18,4.26,2.31,245.54,37.585,581.0
2020-01-30 ,323.8762,1870.8896,185.68,20.98,172.74,4.08,2.3,245.81,37.06,640.93
2020-01-31 ,309.33,2007.75,182.25,20.52,170.17,3.775,2.24,236.45,37.24,650.48
2020-02-03 ,308.71,2003.25,185.39,20.38,174.39,4.05,2.22,240.33,37.5,780.28
2020-02-04 ,318.86,2049.78,188.3,20.87,180.13,4.51,2.07,247.14,37.7,887.72
2020-02-05 ,321.58,2039.62,185.48,20.04,179.94,4.39,1.5,250.7968,38.18,734.72
2020-02-06 ,325.21,2050.37,186.72,19.88,183.64,4.08,1.48,254.25,38.26,748.5
2020-02-07 ,320.04,2079.21,185.69,23.23,183.95,3.81,1.45,251.68,38.0564,747.9808
2020-02-10 ,321.54,2134.55,189.07,23.63,188.74,3.8665,1.33,262.99,37.81,770.8467
2020-02-11 ,319.61,2152.27,189.11,21.35,184.44,3.95,1.26,267.91,38.1,774.02
2020-02-12 ,327.2,2161.34,189.34,19.01,184.72,4.07,1.2698,272.54,37.7375,767.44
2020-02-13 ,324.91,2151.12,188.68,19.04,183.76,4.02,1.2979,270.81,36.94,803.86
2020-02-14 ,324.94,2135.48,189.8,19.0,185.35,3.78,1.32,289.8,36.5,799.9724
2020-02-18 ,319.0,2155.67,191.07,18.915,187.22,3.8,1.36,296.57,36.31,858.66
2020-02-19 ,323.62,2170.21,192.87,18.91,187.28,4.085,1.38,314.71,36.2354,916.96
2020-02-20 ,320.3,2153.59,193.27,18.539,184.33,4.26,1.41,308.58,35.84,899.18
2020-02-21 ,313.03,2095.97,189.48,18.23,178.56,4.08,1.35,294.1,35.72,901.0
2020-02-24 ,298.17,2008.74,186.01,18.56,170.88,3.87,1.28,273.2,34.68,833.16
2020-02-25 ,288.08,1970.65,181.61,23.75,168.05,4.42,1.27,262.05,33.93,799.11
2020-02-26 ,292.69,1979.61,178.84,29.16,170.16,4.335,1.275,267.59,34.72,778.8
2020-02-27 ,273.04,1882.88,172.1,26.145,158.0,4.14,1.295,252.19,34.1,678.85
2020-02-28 ,274.64,1889.18,170.4,25.95,162.11,4.13,1.33,270.16,33.44,667.43
2020-03-02 ,298.82,1954.0,176.76,29.8701,172.85,4.1,1.27,276.57,34.895,743.69
2020-03-03 ,289.31,1908.88,169.26,27.91,164.38,4.055,1.2695,265.64,34.27,745.51
2020-03-04 ,302.76,1976.46,175.67,27.46,170.54,3.87,1.2801,284.56,36.395,749.5
2020-03-05 ,292.92,1924.03,169.53,28.0001,166.24,3.72,1.28,273.29,35.47,723.62
2020-03-06 ,288.98,1901.14,164.08,29.61,161.57,3.545,1.27,266.07,35.02,703.39
2020-03-09 ,266.09,1800.01,151.19,24.28,150.62,3.31,1.08,245.01,33.756,606.46
2020-03-10 ,285.69,1894.0,161.36,22.34,161.03,3.5,1.05,261.08,34.59,645.0
2020-03-11 ,275.3,1819.63,154.63,23.6,153.56,3.3202,1.06,246.16,32.1656,633.905
2020-03-12 ,248.0,1676.21,140.55,22.24,138.76,3.13,0.8802,216.035,30.01,556.01
2020-03-13 ,278.06,1786.31,147.78,21.3,158.85,3.11,0.98,240.83,32.755,546.2
2020-03-16 ,241.47,1688.0,124.3,26.44,135.4144,2.95,0.8456,196.59,30.16,444.9801
2020-03-17 ,252.85,1807.38,135.42,28.16,146.57,2.9,0.7701,217.26,32.17,430.0
2020-03-18 ,249.0,1832.39,132.23,31.45,142.13,2.41,0.6601,203.51,32.4,361.6
2020-03-19 ,244.78,1880.5,139.45,28.27,142.67,2.38,0.6746,212.97,30.45,427.295
2020-03-20 ,228.74,1846.09,139.72,28.15,136.77,2.4,0.7462,205.71,28.9999,427.53
2020-03-23 ,223.43,1902.54,140.52,26.53,135.56,2.36,0.7065,212.11,28.4391,434.29
2020-03-24 ,246.88,1940.0,153.45,25.82,148.34,2.6,0.7339,249.47,29.71,504.3
2020-03-25 ,245.465,1885.78,147.07,27.13,146.85,2.77,0.71745,245.48,29.75,539.175
2020-03-26 ,258.48,1955.225,154.45,27.92,156.11,2.9438,0.6971,257.24,31.67,528.05
2020-03-27 ,247.62,1899.92,145.94,30.05,149.61,2.8399,0.8502,252.54,30.92,514.56
2020-03-30 ,254.79,1964.78,149.85,30.47,160.3,2.7,1.05,265.625,32.68,502.1
2020-03-31 ,254.3,1949.79,143.78,29.95,157.64,2.775,0.916,263.61,32.66,524.48
2020-04-01 ,240.76,1906.58,134.05,29.67,151.94,2.64,0.7501,243.01,31.74,481.58
2020-04-02 ,244.93,1918.83,134.38,33.195,155.26,2.3849,0.7213,255.57,32.87,454.47
2020-04-03 ,241.43,1906.6,134.3,34.84,153.8201,2.39,0.649,243.91,33.62,480.0
2020-04-06 ,262.285,1998.49,147.09,34.63,165.27,2.4732,0.71,268.4,34.52,516.24
2020-04-07 ,259.385,2011.6,145.04,31.995,163.49,2.68,0.824899,258.95,33.6,545.47
2020-04-08 ,266.04,2042.9,151.11,32.4,165.11,2.74,0.84,266.8,34.6,548.7
2020-04-09 ,267.96,2042.82,154.69,31.87,165.19,2.66,1.06,262.87,35.39,573.01
2020-04-13 ,273.23,2168.01,152.5,32.89,165.51,2.97,0.95,269.9,35.15,650.9899
2020-04-14 ,287.07,2283.31,157.8,34.65,173.7,3.01,1.14,284.01,36.44,709.755
2020-04-15 ,284.45,2309.27,155.73,37.25,171.94,3.195,1.4899,280.85,35.98,729.5254
2020-04-16 ,286.72,2408.19,157.06,40.6,177.07,3.235,1.31,294.79,35.87,745.6545
2020-04-17 ,282.74,2372.87,162.61,46.85,178.6,3.22,1.28,292.32,36.895,753.65
2020-04-20 ,276.85,2393.08,162.77,51.68,174.99,3.1866,1.1999,286.75,36.08,746.35
2020-04-21 ,268.36,2329.36,150.48,49.225,167.67,3.04,1.03,269.16,35.62,686.72
2020-04-22 ,276.09,2366.54,154.2201,51.09,173.725,3.09,0.7064,286.4,36.31,732.15
2020-04-23 ,274.87,2399.44,151.72,47.44,171.43,3.05,0.7583,284.02,36.71,705.63
2020-04-24 ,282.95,2410.0,153.98,50.5,174.54,2.945,0.74,289.61,37.3801,725.0
2020-04-27 ,283.25,2376.82,157.53,48.05,174.03,3.235,0.774,297.08,38.29,798.92
2020-04-28 ,278.57,2314.08,154.41,47.8,169.79,3.36,0.7519,291.54,37.9,769.11
2020-04-29 ,287.83,2371.88,160.31,46.36,177.3,3.625,0.75,298.42,38.12,799.84
2020-04-30 ,293.99,2471.5,161.76,45.94,179.22,3.405,0.8001,292.05,38.32,781.06
2020-05-01 ,289.07,2285.94,156.47,47.93,174.5,3.1699,0.7719,282.84,37.66,701.31
2020-05-04 ,293.17,2315.99,161.48,50.5,178.84,3.33,0.75001,291.28,37.64,761.21
2020-05-05 ,297.78,2317.64,163.24,49.33,180.76,3.2999,0.7426,293.63,38.51,768.06
2020-05-06 ,300.5,2350.97,163.55,48.95,182.49,3.6134,0.73,297.75,38.51,782.45
2020-05-07 ,303.75,2367.61,169.96,53.19,183.6078,3.63,0.782,304.88,36.95,780.215
2020-05-08 ,310.1484,2379.5,175.89,59.25,184.68,3.78,0.8901,312.51,37.21,819.25
2020-05-11 ,315.005,2406.9375,182.73,66.92,186.65,3.75,0.9691,322.53,38.1,810.48
2020-05-12 ,311.51,2357.505,177.54,62.27,182.38,3.6201,0.8593,311.75,37.37,809.21
2020-05-13 ,307.68,2366.17,169.64,65.1562,179.78,3.45,0.8308,311.22,37.04,790.62
2020-05-14 ,309.7,2391.37,166.93,64.55,180.61,3.455,0.77,321.34,37.92,803.04
2020-05-15 ,307.74,2410.41,171.26,66.66,183.39,3.385,0.77,339.71,37.78,799.034
2020-05-18 ,314.89,2426.38,172.5,80.0,184.9,3.61,0.7568,350.02,38.06,813.51
2020-05-19 ,313.01,2448.59,176.11,71.6,183.5,3.695,3.37,352.168,37.67,808.0
2020-05-20 ,319.16,2497.35,176.94,73.47,185.66,3.49,2.94,358.8,37.63,815.46
2020-05-21 ,317.04,2448.01,175.18,67.01,183.49,3.3299,3.06,351.18,37.26,827.75
2020-05-22 ,318.89,2436.89,177.75,68.99,183.51,3.2596,3.0,361.06,37.5,816.4
2020-05-26 ,316.84,2423.7,176.59,57.69,181.56,3.8266,2.83,348.78,37.49,818.74
2020-05-27 ,318.08,2409.51,176.56,52.12,181.81,4.16,2.58,341.13,37.41,819.955
2020-05-28 ,318.15,2401.05,181.19,55.55,181.27,3.83,2.67,339.31,38.175,805.975
2020-05-29 ,318.76,2436.53,174.59,61.42,183.96,3.9799,2.585,353.65,38.235,834.1905
2020-06-01 ,321.76,2470.12,176.41,62.18,182.86,4.26,2.4899,352.42,35.46,897.875
2020-06-02 ,323.42,2473.3,174.2,59.85,185.0,4.69,3.0723,353.28,36.16,881.4
2020-06-03 ,325.09,2478.4,174.98,59.84,185.36,5.59,2.745,350.65,36.16,882.51
2020-06-04 ,322.25,2460.6,171.36,60.39,182.95,5.97,2.615,350.68,36.0,864.27
2020-06-05 ,331.54,2481.415,173.71,58.11,187.5,5.595,2.61,356.52,35.9975,885.335
2020-06-08 ,333.4402,2522.8,176.5,59.08,188.47,5.97,2.62,352.28,36.56,948.45
2020-06-09 ,344.32,2603.39,174.57,58.26,190.07,6.68,2.6,361.9,36.23,941.5524
2020-06-10 ,352.78,2648.16,182.06,60.07,196.82,6.3,2.5378,374.54,35.93,1024.974
2020-06-11 ,336.08,2558.47,172.08,60.22,186.47,5.9199,2.354,351.76,33.325,972.41
2020-06-12 ,337.655,2566.705,174.18,61.165,188.14,6.02,2.355,357.5434,33.457,936.25
2020-06-15 ,342.99,2572.62,178.69,66.57,189.09,6.83,2.36,367.07,33.37,990.75
2020-06-16 ,352.26,2615.13,180.62,64.34,193.67,6.99,2.42,362.92,33.46,981.51
2020-06-17 ,351.2438,2641.72,181.4,63.32,194.2,6.84,2.25,369.47,33.55,990.56
2020-06-18 ,351.59,2655.0,187.56,64.94,196.32,7.18,2.23,369.0,33.24,1004.02
2020-06-19 ,349.55,2671.86,186.88,66.38,195.03,7.35,2.32,370.38,33.47,1000.57
2020-06-22 ,358.93,2712.0,191.64,64.785,200.58,7.44,2.24,381.0,33.11,994.54
2020-06-23 ,366.37,2764.42,189.06,62.92,201.889,7.24,2.305,378.04,32.77,1001.66
2020-06-24 ,360.06,2733.49,185.64,64.84,197.84,6.85,2.25,369.42,32.2,960.85
2020-06-25 ,364.88,2756.16,188.34,62.0,200.36,7.0775,2.21,379.8,32.3,985.98
2020-06-26 ,353.69,2692.87,183.2,61.27,196.33,6.9,2.11,366.44,32.04,960.76
2020-06-29 ,362.0,2681.52,183.45,62.1,198.5,7.23,2.12,368.12,32.65,1009.89
2020-06-30 ,364.6,2756.09,187.3,64.26,203.5,7.72,2.2,379.4455,32.7,1079.0
2020-07-01 ,364.01,2879.2,191.89,61.5926,204.66,7.905,2.12,380.9,33.74,1119.54
2020-07-02 ,364.12,2887.56,192.46,58.5699,206.21,9.38,2.11,384.76,34.51,1208.8
2020-07-06 ,373.81,3057.16,197.72,59.14,210.69,11.51,2.14,393.64,34.51,1371.0
2020-07-07 ,372.64,3000.12,196.53,61.09,208.24,13.23,2.02,394.59,34.03,1389.69
2020-07-08 ,381.44,3081.88,200.35,61.58,212.84,12.88,1.939,408.9,33.75,1365.8054
2020-07-09 ,382.6599,3183.81,200.845,64.92,214.4,14.5602,1.89,420.36,33.47,1393.81
2020-07-10 ,383.52,3203.36,198.89,62.59,213.65,15.0,1.92,419.18,33.83,1546.01
2020-07-13 ,381.91,3101.55,188.24,71.72,207.1,13.84,1.84,402.27,35.21,1494.1
2020-07-14 ,388.21,3084.02,189.56,75.04,208.39,14.09,1.73,415.22,35.235,1516.385
2020-07-15 ,390.91,3008.87,188.09,80.23,208.05,13.52,1.81,409.06,35.72,1546.875
2020-07-16 ,385.72,2994.55,185.54,81.73,203.88,12.95,1.959,405.02,35.62,1498.7701
2020-07-17 ,385.15,2961.47,187.78,94.99,202.87,11.0875,2.14,408.1,36.24,1500.45
2020-07-20 ,393.43,3195.01,195.08,82.65,211.49,12.82,2.22,420.43,36.5,1642.47
2020-07-21 ,388.0,3141.43,190.8,80.9,208.75,12.88,2.22,413.16,36.69,1567.58
2020-07-22 ,389.09,3100.23,191.37,83.23,211.7533,12.38,2.395,417.74,38.565,1590.58
2020-07-23 ,371.56,2987.725,188.57,75.34,202.6,12.15,2.24,405.46,38.42,1513.68
2020-07-24 ,370.42,3008.92,188.52,73.21,201.3,11.81,2.395,407.9,37.67,1415.56
2020-07-27 ,379.215,3053.89,190.94,79.91,203.85,11.7,2.27,416.86,37.6,1539.91
2020-07-28 ,373.04,2999.62,189.6,81.49,201.74,12.27,2.22,408.62,39.03,1475.35
2020-07-29 ,380.27,3034.27,193.68,79.51,204.06,12.695,2.29,418.62,39.27,1499.99
2020-07-30 ,384.88,3052.65,191.71,77.6,203.89,12.2,2.34,424.43,38.74,1487.42
2020-07-31 ,425.19,3164.68,194.85,74.1,205.1,11.94,2.29,424.58,38.48,1432.0
2020-08-03 ,435.66,3111.42,203.16,77.9404,216.54,13.6,2.37,440.41,38.36,1484.98
2020-08-04 ,438.81,3138.82,201.41,78.49,213.35,13.64,2.5599,449.11,38.39,1486.25
2020-08-05 ,440.339,3205.83,202.65,75.76,212.95,13.92,2.46,451.69,38.44,1485.18
2020-08-06 ,455.88,3224.35,207.79,73.76,216.35,13.84,2.23,453.46,38.2798,1489.69
2020-08-07 ,444.41,3165.75,201.07,74.05,212.44,13.42,2.25,447.98,38.45,1453.1
2020-08-10 ,450.94,3149.87,197.11,72.0282,208.33,14.2,2.16,446.61,38.42,1419.0
2020-08-11 ,437.51,3080.67,191.99,68.96,203.33,12.99,2.0,434.11,37.8,1374.0
2020-08-12 ,452.24,3161.0,192.56,69.52,209.29,13.36,2.05,457.51,38.34,1554.423
2020-08-13 ,460.03,3161.02,195.14,67.84,208.72,13.3622,1.91,457.72,38.17,1620.71
2020-08-14 ,459.78,3148.0,193.42,69.15,208.89,13.1,1.97,462.555,38.06,1651.5
2020-08-17 ,458.39,3181.16,196.77,69.75,210.2492,14.05,1.89,493.58,38.36,1835.86
2020-08-18 ,462.08,3312.49,204.01,67.085,211.48,14.3,1.83,490.42,38.36,1888.11
2020-08-19 ,462.825,3260.15,205.08,68.0,209.7,14.06,1.8,485.74,38.26,1879.0
2020-08-20 ,472.83,3296.05,209.56,67.84,214.55,13.785,1.78,485.57,38.73,2001.3
2020-08-21 ,497.4,3284.59,207.52,66.49,213.02,14.12,1.76,507.14,38.88,2050.0
2020-08-24 ,503.79,3307.45,208.51,64.88,213.71,14.97,1.72,508.62,38.84,2015.695
2020-08-25 ,499.31,3346.05,216.02,66.25,216.4564,17.86,1.68,510.03,38.405,2024.09
2020-08-26 ,506.19,3442.06,272.31,70.5,221.15,20.43,1.715,510.92,38.07,2151.93
2020-08-27 ,500.04,3400.7,276.34,68.02,226.57,19.88,1.68,505.18,37.87,2239.76
2020-08-28 ,498.83,3401.8,270.75,67.434,228.94,18.51,1.69,525.92,37.91,2213.52
2020-08-31 ,128.85,3441.91,272.29,64.93,225.06,19.04,1.65,532.46,37.76,498.51
2020-09-01 ,134.2,3500.47,281.26,63.31,227.32,20.12,1.59,553.0,36.88,475.04
2020-09-02 ,131.22,3529.34,276.72,64.72,231.46,19.93,1.59,573.86,37.17,447.245
2020-09-03 ,120.92,3369.17,264.71,64.84,217.3,18.7,1.46,520.75,36.37,407.0
2020-09-04 ,120.9,3294.62,254.7,62.6,214.14,17.9699,1.39,504.59,36.36,417.9307
2020-09-08 ,112.83,3149.84,241.27,54.34,202.65,17.01,1.4,475.865,35.915,330.02
2020-09-09 ,117.18,3268.27,250.43,56.86,211.18,18.09,1.41,508.42,36.185,366.21
2020-09-10 ,113.48,3176.12,247.8,57.56,205.38,17.74,1.53,492.48,35.64,370.5
2020-09-11 ,112.01,3117.28,243.15,59.34,204.04,17.965,1.52,486.695,36.07,372.4101
2020-09-14 ,115.3599,3102.97,246.54,63.69,205.3,18.72,1.66,514.84,37.01,419.765
2020-09-15 ,115.55,3153.28,251.59,66.85,208.85,19.19,1.6,519.88,36.95,449.38
2020-09-16 ,112.13,3077.14,250.74,68.83,204.94,19.015,1.52,500.5601,36.79,441.76
2020-09-17 ,110.32,3010.56,244.49,67.93,202.96,19.2901,1.53,498.54,36.81,423.43
2020-09-18 ,106.6,2952.64,242.72,69.85,200.45,19.4103,1.55,487.46,36.63,440.9701
2020-09-21 ,110.13,2962.0,245.05,69.39,202.64,18.8002,1.52,500.66,36.03,449.41
2020-09-22 ,111.8,3129.0,247.78,68.73,207.38,19.22,1.51,505.68,36.255,423.974
2020-09-23 ,107.23,2997.44,236.13,67.2,200.59,17.96,1.43,485.05,36.0,380.3885
2020-09-24 ,108.2015,3018.58,237.5,65.27,203.18,17.855,1.7798,493.92,35.76,387.63
2020-09-25 ,112.28,3094.65,242.92,69.43,207.77,18.32,1.55,515.0,36.05,407.18
2020-09-28 ,115.0,3175.04,246.83,70.63,209.61,18.805,1.57,521.4,36.41,421.0602
2020-09-29 ,114.11,3142.92,247.39,70.51,207.16,20.85,2.1242,528.72,36.17,418.99
2020-09-30 ,115.61,3147.425,251.01,70.74,210.32,21.2,2.84,540.895,36.68,428.97
2020-10-01 ,116.8,3222.01,253.37,70.03,212.46,21.76,2.3801,544.7,36.37,447.81
2020-10-02 ,113.02,3125.93,247.95,68.81,206.18,21.2,2.3501,522.48,36.37,415.2699
2020-10-05 ,116.54,3199.2,251.53,71.87,210.37,21.6,2.36,545.7,36.74,425.5
2020-10-06 ,113.16,3099.29,250.14,71.04,205.91,20.67,2.2,549.36,36.15,413.7001
2020-10-07 ,115.05,3192.51,259.86,72.33,209.81,21.55,2.38,558.56,36.46,425.19
2020-10-08 ,114.97,3190.55,260.22,72.93,210.63,21.44,2.385,553.79,36.89,425.92
2020-10-09 ,116.98,3287.82,265.98,73.11,215.81,21.48,2.615,550.54,36.78,433.96
2020-10-12 ,124.42,3442.93,266.97,75.31,221.41,21.85,3.03,568.71,36.82,442.0
2020-10-13 ,121.05,3442.64,266.85,78.28,222.83,21.61,2.9801,569.91,36.89,446.65
2020-10-14 ,121.29,3363.05,261.99,76.57,220.93,26.5,3.64,563.61,36.86,461.47
2020-10-15 ,120.7453,3338.62,257.77,75.55,219.66,28.08,4.47,558.85,36.55,448.88
2020-10-16 ,118.96,3160.0,258.51,73.98,219.65,28.4799,4.89,552.46,37.96,439.91
2020-10-19 ,116.0,3207.3,255.06,71.0,214.24,27.65,4.3798,539.9399,37.81,430.83
2020-10-20 ,117.5,3216.26,255.86,71.25,214.56,27.96,3.7388,545.8199,37.5,421.97
2020-10-21 ,116.86,3183.6,254.17,68.405,214.785,27.866,3.79,541.0,37.07,422.5
2020-10-22 ,115.7737,3177.4,249.67,70.69,214.84,27.4016,4.1219,534.49,37.43,425.9
2020-10-23 ,115.04,3204.64,250.57,70.5,216.26,27.16,3.977,543.61,38.19,420.615
2020-10-26 ,115.06,3207.32,241.97,70.27,210.15,26.01,3.13,525.655,37.97,420.28
2020-10-27 ,116.53,3287.92,250.38,70.67,213.15,28.45,3.23,535.72,37.42,424.471
2020-10-28 ,111.15,3162.49,238.56,65.73,202.71,27.52,3.01,505.05,35.445,406.0
2020-10-29 ,114.52,3212.79,237.14,71.2,204.39,32.0,2.9,520.62,35.27,410.64
2020-10-30 ,108.9,3036.13,232.29,67.48,202.58,30.57,3.01,502.385,35.485,388.04
2020-11-02 ,108.77,3004.48,232.45,67.03,202.32,33.32,2.95,503.37,36.23,400.51
2020-11-03 ,110.375,3046.25,236.89,69.08,206.12,35.51,3.0,520.79,36.19,423.74
2020-11-04 ,114.94,3241.16,250.74,69.77,216.32,37.71,2.91,551.78,37.3499,420.91
2020-11-05 ,118.99,3322.0,260.22,71.48,223.29,42.42,3.76,566.41,36.39,438.09
2020-11-06 ,118.685,3310.41,260.26,72.44,223.62,41.64,3.98,582.59,36.3998,429.92
2020-11-09 ,116.32,3141.34,259.29,77.71,218.34,44.06,4.29,545.41,39.195,421.39
2020-11-10 ,115.97,3035.18,247.68,76.08,211.02,41.5489,4.09,510.55,38.68,410.41
2020-11-11 ,119.51,3136.81,254.18,82.38,216.4,43.07,3.9489,536.67,38.52,417.13
2020-11-12 ,119.235,3110.2,249.43,87.79,215.47,48.3427,3.577,538.5,37.55,411.73
2020-11-13 ,119.49,3134.09,248.89,89.61,217.31,43.7247,3.69,531.76,38.47,406.78
2020-11-16 ,120.35,3132.99,250.18,98.0,217.39,45.5799,4.22,534.11,37.35,408.09
2020-11-17 ,119.36,3135.66,256.16,93.17,214.47,46.5599,4.465,536.89,36.04,441.57
2020-11-18 ,118.0,3105.1,257.08,88.9,210.97,45.1,4.8153,537.0,36.31,486.64
2020-11-19 ,118.64,3114.41,264.59,92.77,212.31,48.47,5.85,537.85,36.18,499.16
2020-11-20 ,117.32,3099.205,258.03,97.61,210.34,49.25,4.4106,523.51,36.7,489.44
2020-11-23 ,113.88,3100.18,257.58,101.03,210.09,55.51,5.17,525.201,36.5199,521.67
2020-11-24 ,115.17,3116.86,260.79,98.36,213.86,53.51,5.0,518.46,36.6,555.86
2020-11-25 ,116.02,3184.82,246.72,109.15,213.75,53.69,5.7189,529.4,36.5201,574.0
2020-11-27 ,116.6,3195.95,247.86,127.03,215.29,54.0,6.505,530.67,37.255,585.75
2020-11-30 ,119.06,3168.03,246.24,152.92,214.24,50.5456,6.4,536.49,38.31,566.48
2020-12-01 ,122.7,3220.08,241.2985,141.06,216.21,45.36,6.3101,535.6,39.4001,585.19
2020-12-02 ,123.08,3203.75,220.67,143.0,215.42,47.95,6.385,541.77,40.8,568.8
2020-12-03 ,122.94,3188.66,221.0361,157.2659,214.27,45.34,7.575,536.12,40.1,593.28
2020-12-04 ,122.24,3163.49,225.56,152.52,214.4,43.03,7.4359,542.39,40.35,599.0
2020-12-07 ,123.8,3158.77,227.58,159.46,214.32,45.11,6.655,544.43,41.25,642.0
2020-12-08 ,124.33,3176.64,227.83,169.91,215.99,46.56,7.09,533.84,42.55,649.88
2020-12-09 ,121.67,3101.35,220.36,156.62,211.41,44.01,6.6601,517.23,41.85,604.17
2020-12-10 ,123.22,3100.07,223.0,155.67,210.515,45.22,6.435,518.72,41.73,627.33
2020-12-11 ,122.49,3116.41,222.43,156.92,213.27,41.98,6.1399,520.65,41.12,610.0
2020-12-14 ,121.77,3156.97,221.27,155.07,214.19,41.0,6.6412,532.35,39.21,639.79
2020-12-15 ,127.89,3166.45,220.22,147.32,214.16,43.4901,6.475,534.49,38.72,632.48
2020-12-16 ,127.75,3240.96,223.62,137.01,219.19,44.67,6.2799,529.49,37.85,622.67
2020-12-17 ,128.65,3237.015,225.83,143.84,219.42,46.025,6.8302,533.75,38.03,655.725
2020-12-18 ,126.65,3201.07,227.48,140.33,218.15,46.543,7.135,530.61,37.69,664.99
2020-12-21 ,128.24,3205.74,226.48,138.23,222.57,48.98,8.4,533.13,37.38,649.78
2020-12-22 ,131.845,3206.52,231.17,125.98,223.97,47.6,9.05,531.13,36.74,640.09
2020-12-23 ,130.96,3186.73,227.51,130.3264,221.02,47.01,8.8499,520.2,37.44,645.98
2020-12-24 ,131.99,3171.16,225.96,123.39,222.71,45.77,8.81,519.71,37.28,661.66
2020-12-28 ,136.73,3283.96,224.65,111.29,224.96,44.055,8.16,516.22,36.82,663.77
2020-12-29 ,134.93,3320.71,222.47,114.39,224.29,46.11,8.57,517.75,37.04,665.98
2020-12-30 ,133.72,3285.85,222.44,111.14,221.68,48.365,9.52,525.45,36.75,694.71
2020-12-31 ,132.58,3256.41,222.25,104.47,222.37,48.74,9.09,522.12,36.79,705.21
