Date,Open,High,Low,Close,Volume
1/2/2019 16:00:00,2476.96,2519.49,2467.47,2510.03,2233765369
1/3/2019 16:00:00,2491.92,2493.14,2443.96,2447.89,2754752741
1/4/2019 16:00:00,2474.33,2538.07,2474.33,2531.94,2661709794
1/7/2019 16:00:00,2535.61,2566.16,2524.56,2549.69,2526552370
1/8/2019 16:00:00,2568.11,2579.82,2547.56,2574.41,2458286256
1/9/2019 16:00:00,2580,2595.32,2568.89,2584.96,2463516870
1/10/2019 16:00:00,2573.51,2597.82,2562.02,2596.64,2330498011
1/11/2019 16:00:00,2588.11,2596.27,2577.4,2596.26,2063515116
1/14/2019 16:00:00,2580.31,2589.32,2570.41,2582.61,2242883039
1/15/2019 16:00:00,2585.1,2613.08,2585.1,2610.3,2299611814
1/16/2019 16:00:00,2614.75,2625.76,2612.68,2616.1,2417328891
1/17/2019 16:00:00,2609.28,2645.06,2606.36,2635.96,2450727381
1/18/2019 16:00:00,2651.27,2675.47,2647.58,2670.71,2617844977
1/22/2019 16:00:00,2657.88,2657.88,2617.27,2632.9,2590517040
1/23/2019 16:00:00,2643.48,2653.19,2612.86,2638.7,2239098706
1/24/2019 16:00:00,2638.84,2647.2,2627.01,2642.33,2434655642
1/25/2019 16:00:00,2657.44,2672.38,2657.33,2664.76,2499715080
1/28/2019 16:00:00,2644.97,2644.97,2624.06,2643.85,2314399422
1/29/2019 16:00:00,2644.89,2650.93,2631.05,2640,2148988595
1/30/2019 16:00:00,2653.62,2690.44,2648.34,2681.05,2544657931
1/31/2019 16:00:00,2685.49,2708.95,2678.65,2704.1,3383825891
2/1/2019 16:00:00,2702.32,2716.66,2696.88,2706.53,2431455095
2/4/2019 16:00:00,2706.49,2724.99,2698.75,2724.87,2070561799
2/5/2019 16:00:00,2728.34,2738.98,2724.03,2737.7,2175721319
2/6/2019 16:00:00,2735.05,2738.08,2724.15,2731.61,2056291740
2/7/2019 16:00:00,2717.53,2719.32,2687.26,2706.05,2449415197
2/8/2019 16:00:00,2692.36,2708.07,2681.83,2707.88,2219273583
2/11/2019 16:00:00,2712.4,2718.05,2703.79,2709.8,1977782524
2/12/2019 16:00:00,2722.61,2748.19,2722.61,2744.73,2290316191
2/13/2019 16:00:00,2750.3,2761.85,2748.63,2753.03,2141980853
2/14/2019 16:00:00,2743.5,2757.9,2731.23,2745.73,2141245049
2/15/2019 16:00:00,2760.24,2775.66,2760.24,2775.6,2385153253
2/19/2019 16:00:00,2769.28,2787.33,2767.29,2779.76,1984414955
2/20/2019 16:00:00,2779.05,2789.88,2774.06,2784.7,2139229517
2/21/2019 16:00:00,2780.24,2781.58,2764.55,2774.88,1979489005
2/22/2019 16:00:00,2780.67,2794.2,2779.11,2792.67,2087754963
2/25/2019 16:00:00,2804.35,2813.49,2794.99,2796.11,2303642371
2/26/2019 16:00:00,2792.36,2803.12,2789.47,2793.9,2033263150
2/27/2019 16:00:00,2787.5,2795.76,2775.13,2792.38,2053868016
2/28/2019 16:00:00,2788.11,2793.73,2782.51,2784.49,2492903684
3/1/2019 16:00:00,2798.22,2808.02,2787.38,2803.69,2250380361
3/4/2019 16:00:00,2814.37,2816.88,2767.66,2792.81,2245925091
3/5/2019 16:00:00,2794.41,2796.44,2782.97,2789.65,2118384032
3/6/2019 16:00:00,2790.27,2790.27,2768.69,2771.45,2111486429
3/7/2019 16:00:00,2766.53,2767.25,2739.09,2748.93,2280991903
3/8/2019 16:00:00,2730.79,2744.13,2722.27,2743.07,1971521128
3/11/2019 16:00:00,2747.61,2784,2747.61,2783.3,2054706192
3/12/2019 16:00:00,2787.34,2798.32,2786.73,2791.52,2019925291
3/13/2019 16:00:00,2799.78,2821.24,2799.78,2810.92,2162511945
3/14/2019 16:00:00,2810.38,2815,2803.46,2808.48,2052995330
3/15/2019 16:00:00,2810.79,2830.73,2810.79,2822.48,3734916446
3/18/2019 16:00:00,2822.61,2835.41,2821.99,2832.94,2031400901
3/19/2019 16:00:00,2840.76,2852.42,2823.27,2832.57,2243489044
3/20/2019 16:00:00,2831.34,2843.54,2812.43,2824.23,2289335844
3/21/2019 16:00:00,2819.72,2860.31,2817.38,2854.88,2323248426
3/22/2019 16:00:00,2844.52,2846.16,2800.47,2800.71,2485350165
3/25/2019 16:00:00,2796.01,2809.79,2785.02,2798.36,1931448289
3/26/2019 16:00:00,2812.66,2829.87,2803.99,2818.46,1917604997
3/27/2019 16:00:00,2819.72,2825.56,2787.72,2805.37,1918159251
3/28/2019 16:00:00,2809.4,2819.71,2798.77,2815.44,1774788228
3/29/2019 16:00:00,2828.27,2836.03,2819.23,2834.4,2184384245
4/1/2019 16:00:00,2848.63,2869.4,2848.63,2867.19,2065945466
4/2/2019 16:00:00,2868.24,2872.9,2858.75,2867.24,1874915359
4/3/2019 16:00:00,2876.09,2885.25,2865.17,2873.4,2216125460
4/4/2019 16:00:00,2873.99,2881.28,2867.14,2879.39,1740949270
4/5/2019 16:00:00,2884.16,2893.24,2882.99,2892.74,1747286390
4/8/2019 16:00:00,2888.46,2895.95,2880.78,2895.77,1744343429
4/9/2019 16:00:00,2886.58,2886.88,2873.33,2878.2,1712480401
4/10/2019 16:00:00,2881.37,2889.71,2879.13,2888.21,1595773627
4/11/2019 16:00:00,2891.92,2893.42,2881.99,2888.32,1625618352
4/12/2019 16:00:00,2900.86,2910.54,2898.37,2907.41,2175148651
4/15/2019 16:00:00,2908.32,2909.6,2896.48,2905.58,1719879708
4/16/2019 16:00:00,2912.26,2916.06,2900.71,2907.06,2059164390
4/17/2019 16:00:00,2916.04,2918,2895.45,2900.45,2310102579
4/18/2019 16:00:00,2904.81,2908.4,2891.9,2905.03,2079240009
4/22/2019 16:00:00,2898.78,2909.51,2896.35,2907.97,1747453728
4/23/2019 16:00:00,2909.99,2936.31,2908.53,2933.68,2171881377
4/24/2019 16:00:00,2934,2936.83,2926.05,2927.25,2035575785
4/25/2019 16:00:00,2928.99,2933.1,2912.84,2926.17,2089426293
4/26/2019 16:00:00,2925.81,2939.88,2917.56,2939.88,2080498109
4/29/2019 16:00:00,2940.58,2949.52,2939.35,2943.03,1848856715
4/30/2019 16:00:00,2937.14,2948.22,2924.11,2945.83,2364280370
5/1/2019 16:00:00,2952.33,2954.13,2923.36,2923.73,2227214304
5/2/2019 16:00:00,2922.16,2931.68,2900.5,2917.52,2136002298
5/3/2019 16:00:00,2929.21,2947.85,2929.21,2945.64,1880651493
5/6/2019 16:00:00,2908.89,2937.32,2898.21,2932.47,1857443096
5/7/2019 16:00:00,2913.03,2913.03,2862.6,2884.05,2283553857
5/8/2019 16:00:00,2879.61,2897.96,2873.28,2879.42,1919367284
5/9/2019 16:00:00,2859.84,2875.97,2836.4,2870.72,2122567271
5/10/2019 16:00:00,2863.1,2891.31,2825.39,2881.4,2004542780
5/13/2019 16:00:00,2840.19,2840.19,2801.43,2811.87,2324156702
5/14/2019 16:00:00,2820.12,2852.54,2820.12,2834.41,1947348885
5/15/2019 16:00:00,2820.38,2858.68,2815.08,2850.96,1877762469
5/16/2019 16:00:00,2855.8,2892.15,2855.8,2876.32,1925487672
5/17/2019 16:00:00,2858.6,2885.48,2854.23,2859.53,1887749622
5/20/2019 16:00:00,2841.94,2853.86,2831.29,2840.23,1899719090
5/21/2019 16:00:00,2854.02,2868.88,2854.02,2864.36,1802041253
5/22/2019 16:00:00,2856.06,2865.47,2851.11,2856.27,1794215276
5/23/2019 16:00:00,2836.7,2836.7,2805.49,2822.24,2225395776
5/24/2019 16:00:00,2832.41,2841.36,2820.19,2826.06,1601399137
5/28/2019 16:00:00,2830.03,2840.51,2801.58,2802.39,2507190607
5/29/2019 16:00:00,2790.25,2792.03,2766.06,2783.02,2100549012
5/30/2019 16:00:00,2786.94,2799,2776.74,2788.86,1757961173
5/31/2019 16:00:00,2766.15,2768.98,2750.52,2752.06,2206214289
6/3/2019 16:00:00,2751.53,2763.07,2728.81,2744.45,2421191119
6/4/2019 16:00:00,2762.64,2804.49,2762.64,2803.27,2294213172
6/5/2019 16:00:00,2818.09,2827.28,2800.92,2826.15,2031189576
6/6/2019 16:00:00,2828.51,2852.1,2822.45,2843.49,1949547652
6/7/2019 16:00:00,2852.87,2884.97,2852.87,2873.34,1848513805
6/10/2019 16:00:00,2885.83,2904.77,2885.51,2886.73,1854780007
6/11/2019 16:00:00,2903.27,2910.61,2878.53,2885.72,2038179621
6/12/2019 16:00:00,2882.73,2888.57,2874.68,2879.84,1618915586
6/13/2019 16:00:00,2886.24,2895.24,2881.99,2891.64,1638957193
6/14/2019 16:00:00,2886.82,2894.45,2879.62,2886.98,1562976924
6/17/2019 16:00:00,2889.75,2897.27,2887.3,2889.67,1579314342
6/18/2019 16:00:00,2906.71,2930.79,2905.44,2917.75,2003753210
6/19/2019 16:00:00,2920.55,2931.74,2911.43,2926.46,1864220237
6/20/2019 16:00:00,2949.6,2958.06,2931.5,2954.18,2057677854
6/21/2019 16:00:00,2952.71,2964.15,2946.87,2950.46,3033185232
6/24/2019 16:00:00,2951.42,2954.92,2944.05,2945.35,1733220416
6/25/2019 16:00:00,2945.78,2946.52,2916.01,2917.38,2020032887
6/26/2019 16:00:00,2926.07,2932.59,2912.99,2913.78,2005584141
6/27/2019 16:00:00,2919.66,2929.3,2918.57,2924.92,1725782515
6/28/2019 16:00:00,2932.94,2943.98,2929.05,2941.76,2959726110
7/1/2019 16:00:00,2971.41,2977.93,2952.22,2964.33,2042077046
7/2/2019 16:00:00,2964.66,2973.21,2955.92,2973.01,1656797094
7/3/2019 13:00:00,2978.08,2995.84,2977.96,2995.82,1093866706
7/5/2019 16:00:00,2984.25,2994.03,2967.97,2990.41,1287369510
7/8/2019 16:00:00,2979.77,2980.76,2970.09,2975.95,1554002628
7/9/2019 16:00:00,2965.52,2981.9,2963.44,2979.63,1636493097
7/10/2019 16:00:00,2989.3,3002.98,2984.62,2993.07,1643619368
7/11/2019 16:00:00,2999.62,3002.33,2988.8,2999.91,1731135974
7/12/2019 16:00:00,3003.36,3013.92,3001.87,3013.77,1609598303
7/15/2019 16:00:00,3017.8,3017.8,3008.77,3014.3,1604048494
7/16/2019 16:00:00,3012.13,3015.02,3001.15,3004.04,1742567428
7/17/2019 16:00:00,3005.1,3005.26,2984.25,2984.42,1743301026
7/18/2019 16:00:00,2978.87,2998.28,2973.09,2995.11,1793633457
7/19/2019 16:00:00,3004.26,3006.02,2975.86,2976.61,1872665473
7/22/2019 16:00:00,2981.93,2990.71,2976.65,2985.03,1667005218
7/23/2019 16:00:00,2994.74,3005.9,2988.56,3005.47,1870688759
7/24/2019 16:00:00,2998.77,3019.59,2996.82,3019.56,1925226952
7/25/2019 16:00:00,3016.26,3016.31,2997.24,3003.67,1977743265
7/26/2019 16:00:00,3013.25,3027.98,3012.59,3025.86,1807302584
7/29/2019 16:00:00,3024.47,3025.61,3014.3,3020.97,1761304156
7/30/2019 16:00:00,3007.66,3017.19,3000.94,3013.18,1837519861
7/31/2019 16:00:00,3016.22,3017.4,2958.08,2980.38,2731633880
8/1/2019 16:00:00,2980.32,3013.59,2945.23,2953.56,2707086272
8/2/2019 16:00:00,2943.9,2945.5,2914.11,2932.05,2210278484
8/5/2019 16:00:00,2898.07,2898.07,2822.12,2844.74,2614970778
8/6/2019 16:00:00,2861.18,2884.4,2847.42,2881.77,2177203736
8/7/2019 16:00:00,2858.65,2892.17,2825.71,2883.98,2360893677
8/8/2019 16:00:00,2896.21,2938.72,2894.47,2938.09,2209464226
8/9/2019 16:00:00,2930.51,2935.75,2900.15,2918.65,1888617136
8/12/2019 16:00:00,2907.07,2907.58,2873.14,2883.09,1440439051
8/13/2019 16:00:00,2880.72,2943.31,2877.05,2926.32,2129331307
8/14/2019 16:00:00,2894.15,2894.15,2839.64,2840.6,2543385216
8/15/2019 16:00:00,2846.2,2856.67,2825.51,2847.6,2421109975
8/16/2019 16:00:00,2864.74,2893.63,2864.74,2888.68,2063083134
8/19/2019 16:00:00,2913.48,2931,2913.48,2923.65,1779496092
8/20/2019 16:00:00,2919.01,2923.63,2899.6,2900.51,1678619163
8/21/2019 16:00:00,2922.04,2928.73,2917.91,2924.43,1587398599
8/22/2019 16:00:00,2930.94,2939.08,2904.51,2922.95,1586736328
8/23/2019 16:00:00,2911.07,2927.01,2834.97,2847.11,2353651930
8/26/2019 16:00:00,2866.7,2879.27,2856,2878.38,1594021309
8/27/2019 16:00:00,2893.14,2898.79,2860.59,2869.16,1949097485
8/28/2019 16:00:00,2861.28,2890.03,2853.05,2887.94,1657199496
8/29/2019 16:00:00,2910.37,2930.5,2905.67,2924.58,1620492414
8/30/2019 16:00:00,2937.09,2940.43,2913.32,2926.46,1609574623
9/3/2019 16:00:00,2909.01,2914.39,2891.85,2906.27,1709526221
9/4/2019 16:00:00,2924.67,2938.84,2921.86,2937.78,1638025756
9/5/2019 16:00:00,2960.6,2985.86,2960.6,2976,1985626103
9/6/2019 16:00:00,2980.33,2985.03,2972.51,2978.71,1660754923
9/9/2019 16:00:00,2988.43,2989.43,2969.39,2978.43,2109065868
9/10/2019 16:00:00,2971.01,2979.39,2957.01,2979.39,2313900765
9/11/2019 16:00:00,2981.41,3000.93,2975.31,3000.93,2023030989
9/12/2019 16:00:00,3009.08,3020.74,3000.92,3009.57,2110912839
9/13/2019 16:00:00,3012.21,3017.33,3002.9,3007.39,1885111636
9/16/2019 16:00:00,2996.41,3002.19,2990.67,2997.96,1865797043
9/17/2019 16:00:00,2995.67,3006.21,2993.73,3005.7,1835650335
9/18/2019 16:00:00,3001.5,3007.83,2978.57,3006.73,1711314786
9/19/2019 16:00:00,3010.36,3021.99,3003.16,3006.79,1552070564
9/20/2019 16:00:00,3008.42,3016.37,2984.68,2992.07,3239391426
9/23/2019 16:00:00,2983.5,2999.15,2982.23,2991.78,1584858670
9/24/2019 16:00:00,3002.43,3007.98,2957.73,2966.6,2022515176
9/25/2019 16:00:00,2968.35,2989.82,2952.86,2984.87,1755735859
9/26/2019 16:00:00,2985.73,2987.28,2963.71,2977.62,1589729661
9/27/2019 16:00:00,2985.47,2987.31,2945.53,2961.79,1770249086
9/30/2019 16:00:00,2967.07,2983.85,2967.07,2976.74,1663001742
10/1/2019 16:00:00,2983.69,2992.53,2938.7,2940.25,1889536812
10/2/2019 16:00:00,2924.78,2924.78,2874.93,2887.61,2132408795
10/3/2019 16:00:00,2885.38,2911.13,2855.94,2910.63,1879070945
10/4/2019 16:00:00,2918.56,2953.74,2918.56,2952.01,1598498926
10/7/2019 16:00:00,2944.23,2959.75,2935.68,2938.79,1497859583
10/8/2019 16:00:00,2920.4,2925.47,2892.66,2893.06,1831153664
10/9/2019 16:00:00,2911.1,2929.32,2907.41,2919.4,1409636911
10/10/2019 16:00:00,2918.55,2948.46,2917.12,2938.13,1630780755
10/11/2019 16:00:00,2963.07,2993.28,2963.07,2970.27,1952864648
10/14/2019 16:00:00,2965.81,2972.84,2962.94,2966.15,1332783825
10/15/2019 16:00:00,2973.61,3003.28,2973.61,2995.68,1676566148
10/16/2019 16:00:00,2989.68,2997.54,2985.2,2989.69,1740299314
10/17/2019 16:00:00,3000.77,3008.29,2991.79,2997.95,1623369261
10/18/2019 16:00:00,2996.84,3000,2976.31,2986.2,1986308651
10/21/2019 16:00:00,2996.48,3007.33,2995.35,3006.72,1749381230
10/22/2019 16:00:00,3010.73,3014.57,2995.04,2995.99,1843264600
10/23/2019 16:00:00,2994.01,3004.78,2991.21,3004.52,1760876330
10/24/2019 16:00:00,3014.78,3016.07,3000.42,3010.29,1935918850
10/25/2019 16:00:00,3003.32,3027.39,3001.94,3022.55,1773425903
10/28/2019 16:00:00,3032.12,3044.08,3032.12,3039.42,1871168000
10/29/2019 16:00:00,3035.39,3047.87,3034.81,3036.89,1811955801
10/30/2019 16:00:00,3039.74,3050.1,3025.96,3046.77,1968172946
10/31/2019 16:00:00,3046.9,3046.9,3023.19,3037.56,2207521396
11/1/2019 16:00:00,3050.72,3066.95,3050.72,3066.91,1950717139
11/4/2019 16:00:00,3078.96,3085.2,3074.87,3078.27,2114369155
11/5/2019 16:00:00,3080.8,3083.95,3072.15,3074.62,2249853337
11/6/2019 16:00:00,3075.1,3078.34,3065.89,3076.78,2022311721
11/7/2019 16:00:00,3087.02,3097.77,3080.23,3085.18,2160097121
11/8/2019 16:00:00,3081.25,3093.09,3073.58,3093.08,1691974712
11/11/2019 16:00:00,3080.33,3088.33,3075.82,3087.01,1407760565
11/12/2019 16:00:00,3089.28,3102.61,3084.73,3091.84,1682131599
11/13/2019 16:00:00,3084.18,3098.06,3078.8,3094.04,1716744635
11/14/2019 16:00:00,3090.75,3098.2,3083.26,3096.63,1658728244
11/15/2019 16:00:00,3107.92,3120.46,3104.6,3120.46,1868559515
11/18/2019 16:00:00,3117.91,3124.17,3112.06,3122.03,1834376060
11/19/2019 16:00:00,3127.45,3127.64,3113.47,3120.18,1924172382
11/20/2019 16:00:00,3114.66,3118.97,3091.41,3108.46,2372417263
11/21/2019 16:00:00,3108.49,3110.11,3094.55,3103.54,1862138394
11/22/2019 16:00:00,3111.41,3112.87,3099.26,3110.29,1626733207
11/25/2019 16:00:00,3117.44,3133.83,3117.44,3133.64,1904704053
11/26/2019 16:00:00,3134.85,3142.69,3131,3140.52,2493336600
11/27/2019 16:00:00,3145.49,3154.26,3143.41,3153.63,1493045171
11/29/2019 13:00:00,3147.18,3150.3,3139.34,3140.98,836642225
12/2/2019 16:00:00,3143.85,3144.31,3110.78,3113.87,1786642208
12/3/2019 16:00:00,3087.41,3094.97,3070.33,3093.2,1991484979
12/4/2019 16:00:00,3103.5,3119.38,3102.53,3112.76,1791049394
12/5/2019 16:00:00,3119.21,3119.45,3103.76,3117.43,1645721930
12/6/2019 16:00:00,3134.62,3150.6,3134.62,3145.91,1699014299
12/9/2019 16:00:00,3141.86,3148.87,3135.46,3135.96,1596216273
12/10/2019 16:00:00,3135.36,3142.12,3126.09,3132.52,1662835229
12/11/2019 16:00:00,3135.75,3143.98,3133.21,3141.63,1711032900
12/12/2019 16:00:00,3141.23,3176.28,3138.47,3168.57,2217305086
12/13/2019 16:00:00,3166.65,3182.68,3156.51,3168.8,1956819988
12/16/2019 16:00:00,3183.63,3197.71,3183.63,3191.45,2164545446
12/17/2019 16:00:00,3195.4,3198.22,3191.03,3192.52,1971590974
12/18/2019 16:00:00,3195.21,3198.48,3191.14,3191.14,2109637089
12/19/2019 16:00:00,3192.32,3205.48,3192.32,3205.37,1923928144
12/20/2019 16:00:00,3223.33,3225.65,3216.03,3221.22,3697537000
12/23/2019 16:00:00,3226.05,3227.78,3222.3,3224.01,1580052417
12/24/2019 13:00:00,3225.45,3226.43,3220.51,3223.38,604560645
12/26/2019 16:00:00,3227.2,3240.08,3227.2,3239.91,1047945052
12/27/2019 16:00:00,3247.23,3247.93,3234.37,3240.02,1110175743
12/30/2019 16:00:00,3240.09,3240.92,3216.57,3221.29,1198740754
12/31/2019 16:00:00,3215.18,3231.72,3212.03,3230.78,1285724433
1/2/2020 16:00:00,3244.67,3258.14,3235.53,3257.85,1827686033
1/3/2020 16:00:00,3226.36,3246.15,3222.34,3234.85,1733947876
1/6/2020 16:00:00,3217.55,3246.84,3214.64,3246.28,1872802967
1/7/2020 16:00:00,3241.86,3244.91,3232.43,3237.18,1892856394
1/8/2020 16:00:00,3238.59,3267.07,3236.67,3253.05,1956336829
1/9/2020 16:00:00,3266.03,3275.58,3263.67,3274.7,1839202233
1/10/2020 16:00:00,3281.81,3282.99,3260.86,3265.35,1631680402
1/13/2020 16:00:00,3271.13,3288.13,3268.43,3288.13,1765159091
1/14/2020 16:00:00,3285.35,3294.25,3277.19,3283.15,1969901450
1/15/2020 16:00:00,3282.27,3298.66,3280.69,3289.29,1807140795
1/16/2020 16:00:00,3302.97,3317.11,3302.82,3316.81,1795632375
1/17/2020 16:00:00,3323.66,3329.88,3318.86,3329.62,2148780812
1/21/2020 16:00:00,3321.03,3329.79,3316.61,3320.79,2190847523
1/22/2020 16:00:00,3330.02,3337.77,3320.04,3321.75,1852031183
1/23/2020 16:00:00,3315.77,3326.88,3301.87,3325.54,0
1/24/2020 16:00:00,3333.1,3333.18,3281.53,3295.47,0
1/27/2020 16:00:00,3247.16,3258.85,3234.5,3243.63,0
1/28/2020 16:00:00,3255.35,3285.78,3253.22,3276.24,0
1/29/2020 16:00:00,3289.46,3293.47,3271.89,3273.4,0
1/30/2020 16:00:00,3256.45,3285.91,3242.8,3283.66,0
1/31/2020 16:00:00,3282.33,3282.33,3214.68,3225.52,0
2/3/2020 16:00:00,3235.66,3268.44,3235.66,3248.92,0
2/4/2020 16:00:00,3280.61,3306.92,3280.61,3297.59,0
2/5/2020 16:00:00,3324.91,3337.58,3313.75,3334.69,0
2/6/2020 16:00:00,3344.92,3347.96,3334.39,3345.78,0
2/7/2020 16:00:00,3335.54,3341.42,3322.12,3327.71,0
2/10/2020 16:00:00,3318.28,3352.26,3317.77,3352.09,0
2/11/2020 16:00:00,3365.87,3375.63,3352.72,3357.75,0
2/12/2020 16:00:00,3370.5,3381.47,3369.72,3379.45,0
2/13/2020 16:00:00,3365.9,3385.09,3360.52,3373.94,0
2/14/2020 16:00:00,3378.08,3380.69,3366.15,3380.16,0
2/18/2020 16:00:00,3369.04,3375.01,3355.61,3370.29,0
2/19/2020 16:00:00,3380.39,3393.52,3378.83,3386.15,0
2/20/2020 16:00:00,3380.45,3389.15,3341.02,3373.23,0
2/21/2020 16:00:00,3360.5,3360.76,3328.45,3337.75,0
2/24/2020 16:00:00,3257.61,3259.81,3214.65,3225.89,0
2/25/2020 16:00:00,3238.94,3246.99,3118.77,3128.21,0
2/26/2020 16:00:00,3139.9,3182.51,3108.99,3116.39,0
2/27/2020 16:00:00,3062.54,3097.07,2977.39,2978.76,0
2/28/2020 16:00:00,2916.9,2959.72,2855.84,2954.22,0
3/2/2020 16:00:00,2974.28,3090.96,2945.19,3090.23,0
3/3/2020 16:00:00,3096.46,3136.72,2976.63,3003.37,0
3/4/2020 16:00:00,3045.75,3130.97,3034.38,3130.12,0
3/5/2020 16:00:00,3075.7,3083.04,2999.83,3023.94,0
3/6/2020 16:00:00,2954.2,2985.93,2901.54,2972.37,0
3/9/2020 16:00:00,2863.89,2863.89,2734.43,2746.56,0
3/10/2020 16:00:00,2813.48,2882.59,2734,2882.23,0
3/11/2020 16:00:00,2825.6,2825.6,2707.22,2741.38,0
3/12/2020 16:00:00,2630.86,2660.95,2478.86,2480.64,0
3/13/2020 16:00:00,2569.99,2711.33,2492.37,2711.02,0
3/16/2020 16:00:00,2508.59,2562.98,2380.94,2386.13,0
3/17/2020 16:00:00,2425.66,2553.93,2367.04,2529.19,0
3/18/2020 16:00:00,2436.5,2453.57,2280.52,2398.1,0
3/19/2020 16:00:00,2393.48,2466.97,2319.78,2409.39,0
3/20/2020 16:00:00,2431.94,2453.01,2295.56,2304.92,0
3/23/2020 16:00:00,2290.71,2300.73,2191.86,2237.4,0
3/24/2020 16:00:00,2344.44,2449.71,2344.44,2447.33,0
3/25/2020 16:00:00,2457.77,2571.42,2407.53,2475.56,0
3/26/2020 16:00:00,2501.29,2637.01,2500.72,2630.07,0
3/27/2020 16:00:00,2555.87,2615.91,2520.02,2541.47,0
3/30/2020 16:00:00,2558.98,2631.8,2545.28,2626.65,0
3/31/2020 16:00:00,2614.69,2641.39,2571.15,2584.59,0
4/1/2020 16:00:00,2498.08,2522.75,2447.49,2470.5,0
4/2/2020 16:00:00,2458.54,2533.22,2455.79,2526.9,0
4/3/2020 16:00:00,2514.92,2538.18,2459.96,2488.65,0
4/6/2020 16:00:00,2578.28,2676.85,2574.57,2663.68,0
4/7/2020 16:00:00,2738.65,2756.89,2657.67,2659.41,0
4/8/2020 16:00:00,2685,2760.75,2663.3,2749.98,0
4/9/2020 16:00:00,2766.99,2818.57,2762.36,2789.82,0
4/13/2020 16:00:00,2776.99,2818.57,2721.17,2761.63,0
4/14/2020 16:00:00,2805.1,2851.85,2805.1,2846.06,0
4/15/2020 16:00:00,2795.64,2801.88,2761.54,2783.36,0
4/16/2020 16:00:00,2799.34,2806.51,2764.32,2799.55,0
4/17/2020 16:00:00,2842.43,2879.22,2830.88,2874.56,0
4/20/2020 16:00:00,2845.62,2868.98,2820.43,2823.16,0
4/21/2020 16:00:00,2784.81,2785.54,2727.1,2736.56,0
4/22/2020 16:00:00,2787.89,2815.1,2775.95,2799.31,0
4/23/2020 16:00:00,2810.42,2844.9,2794.26,2797.8,0
4/24/2020 16:00:00,2812.64,2842.71,2791.76,2836.74,0
4/27/2020 16:00:00,2854.65,2887.72,2852.89,2878.48,0
4/28/2020 16:00:00,2909.96,2921.15,2860.71,2863.39,0
4/29/2020 16:00:00,2918.46,2954.86,2912.16,2939.51,0
4/30/2020 16:00:00,2930.91,2930.91,2892.47,2912.43,0
5/1/2020 16:00:00,2869.09,2869.09,2821.61,2830.71,0
5/4/2020 16:00:00,2815.01,2844.24,2797.85,2842.74,0
5/5/2020 16:00:00,2868.88,2898.23,2863.55,2868.44,0
5/6/2020 16:00:00,2883.14,2891.11,2847.65,2848.42,0
5/7/2020 16:00:00,2878.26,2901.92,2876.48,2881.19,0
5/8/2020 16:00:00,2908.83,2932.16,2902.88,2929.8,0
5/11/2020 16:00:00,2915.46,2944.25,2903.44,2930.32,0
5/12/2020 16:00:00,2939.5,2945.82,2870.12,2870.12,0
5/13/2020 16:00:00,2865.86,2874.14,2793.15,2820,0
5/14/2020 16:00:00,2794.54,2852.8,2766.64,2852.5,0
5/15/2020 16:00:00,2829.95,2865.01,2816.78,2863.7,0
5/18/2020 16:00:00,2913.86,2968.09,2913.86,2953.91,0
5/19/2020 16:00:00,2948.59,2964.21,2922.35,2922.94,0
5/20/2020 16:00:00,2953.63,2980.29,2953.63,2971.61,0
5/21/2020 16:00:00,2969.95,2978.5,2938.57,2948.51,0
5/22/2020 16:00:00,2948.05,2956.76,2933.59,2955.45,0
5/26/2020 16:00:00,3004.08,3021.72,2988.17,2991.77,0
5/27/2020 16:00:00,3015.65,3036.25,2969.75,3036.13,0
5/28/2020 16:00:00,3046.61,3068.67,3023.4,3029.73,0
5/29/2020 16:00:00,3025.17,3049.17,2998.61,3044.31,0
6/1/2020 16:00:00,3038.78,3062.18,3031.54,3055.73,0
6/2/2020 16:00:00,3064.78,3081.07,3051.64,3080.82,0
6/3/2020 16:00:00,3098.9,3130.94,3098.9,3122.87,0
6/4/2020 16:00:00,3111.56,3128.91,3090.41,3112.35,0
6/5/2020 16:00:00,3163.84,3211.72,3163.84,3193.93,0
6/8/2020 16:00:00,3199.92,3233.13,3196,3232.39,0
6/9/2020 16:00:00,3213.32,3222.71,3193.11,3207.18,0
6/10/2020 16:00:00,3213.42,3223.27,3181.49,3190.14,0
6/11/2020 16:00:00,3123.53,3123.53,2999.49,3002.1,0
6/12/2020 16:00:00,3071.04,3088.42,2984.47,3041.31,0
6/15/2020 16:00:00,2993.76,3079.76,2965.66,3066.59,0
6/16/2020 16:00:00,3131,3153.45,3076.06,3124.74,0
6/17/2020 16:00:00,3136.13,3141.16,3108.03,3113.49,0
6/18/2020 16:00:00,3101.64,3120,3093.51,3115.34,0
6/19/2020 16:00:00,3140.29,3155.53,3083.11,3097.74,0
6/22/2020 16:00:00,3094.42,3120.92,3079.39,3117.86,0
6/23/2020 16:00:00,3138.7,3154.9,3127.12,3131.29,0
6/24/2020 16:00:00,3114.4,3115.01,3032.13,3050.33,0
6/25/2020 16:00:00,3046.6,3086.25,3024.01,3083.76,0
6/26/2020 16:00:00,3073.2,3073.73,3004.63,3009.05,0
6/29/2020 16:00:00,3018.59,3053.89,2999.74,3053.24,0
6/30/2020 16:00:00,3050.2,3111.51,3047.83,3100.29,0
7/1/2020 16:00:00,3105.92,3128.44,3101.17,3115.86,0
7/2/2020 16:00:00,3143.64,3165.81,3124.52,3130.01,0
7/6/2020 16:00:00,3155.29,3182.59,3155.29,3179.72,0
7/7/2020 16:00:00,3166.44,3184.15,3142.93,3145.32,0
7/8/2020 16:00:00,3153.07,3171.8,3136.53,3169.94,0
7/9/2020 16:00:00,3176.17,3179.78,3115.7,3152.05,0
7/10/2020 16:00:00,3152.47,3186.82,3136.22,3185.04,0
7/13/2020 16:00:00,3205.08,3235.32,3149.43,3155.22,0
7/14/2020 16:00:00,3141.11,3200.95,3127.66,3197.52,0
7/15/2020 16:00:00,3225.98,3238.28,3200.76,3226.56,0
7/16/2020 16:00:00,3208.36,3220.39,3198.59,3215.57,0
7/17/2020 16:00:00,3224.21,3233.52,3205.65,3224.73,0
7/20/2020 16:00:00,3224.29,3258.61,3215.16,3251.84,0
7/21/2020 16:00:00,3268.52,3277.29,3247.77,3257.3,0
7/22/2020 16:00:00,3254.86,3279.32,3253.1,3276.02,0
7/23/2020 16:00:00,3271.64,3279.99,3222.66,3235.66,0
7/24/2020 16:00:00,3218.58,3227.26,3200.05,3215.63,0
7/27/2020 16:00:00,3219.84,3241.43,3214.25,3239.41,0
7/28/2020 16:00:00,3234.27,3243.72,3216.17,3218.44,0
7/29/2020 16:00:00,3227.22,3264.74,3227.22,3258.44,0
7/30/2020 16:00:00,3231.76,3250.92,3204.13,3246.22,0
7/31/2020 16:00:00,3270.45,3272.17,3220.26,3271.12,0
8/3/2020 16:00:00,3288.26,3302.73,3284.53,3294.61,0
8/4/2020 16:00:00,3289.92,3306.84,3286.37,3306.51,0
8/5/2020 16:00:00,3317.37,3330.77,3317.37,3327.77,0
8/6/2020 16:00:00,3323.17,3351.03,3318.14,3349.16,0
8/7/2020 16:00:00,3340.05,3352.54,3328.72,3351.28,0
8/10/2020 16:00:00,3356.04,3363.29,3335.44,3360.47,0
8/11/2020 16:00:00,3370.34,3381.01,3326.44,3333.69,0
8/12/2020 16:00:00,3355.46,3387.89,3355.46,3380.35,0
8/13/2020 16:00:00,3372.95,3387.24,3363.35,3373.43,0
8/14/2020 16:00:00,3368.66,3378.51,3361.64,3372.85,0
8/17/2020 16:00:00,3380.86,3387.59,3379.22,3381.99,0
8/18/2020 16:00:00,3387.04,3395.06,3370.15,3389.78,0
8/19/2020 16:00:00,3392.51,3399.54,3369.66,3374.85,0
8/20/2020 16:00:00,3360.48,3390.8,3354.69,3385.51,0
8/21/2020 16:00:00,3386.01,3399.96,3379.31,3397.16,0
8/24/2020 16:00:00,3418.09,3432.09,3413.13,3431.28,0
8/25/2020 16:00:00,3435.95,3444.21,3425.84,3443.62,0
8/26/2020 16:00:00,3449.97,3481.07,3444.15,3478.73,0
8/27/2020 16:00:00,3485.14,3501.38,3468.35,3484.55,0
8/28/2020 16:00:00,3494.69,3509.23,3484.32,3508.01,0
8/31/2020 16:00:00,3509.73,3514.77,3493.25,3500.31,0
9/1/2020 16:00:00,3507.44,3528.03,3494.6,3526.65,0
9/2/2020 16:00:00,3543.76,3588.11,3535.23,3580.84,0
9/3/2020 16:00:00,3564.74,3564.85,3427.41,3455.06,0
9/4/2020 16:00:00,3453.6,3479.15,3349.63,3426.96,0
9/8/2020 16:00:00,3371.88,3379.97,3329.27,3331.84,0
9/9/2020 16:00:00,3369.82,3424.77,3366.84,3398.96,0
9/10/2020 16:00:00,3412.56,3425.55,3329.25,3339.19,0
9/11/2020 16:00:00,3352.7,3368.95,3310.47,3340.97,0
9/14/2020 16:00:00,3363.56,3402.93,3363.56,3383.54,0
9/15/2020 16:00:00,3407.73,3419.48,3389.25,3401.2,0
9/16/2020 16:00:00,3411.23,3428.92,3384.45,3385.49,0
9/17/2020 16:00:00,3346.86,3375.17,3328.82,3357.01,0
9/18/2020 16:00:00,3357.38,3362.27,3292.4,3319.47,0
9/21/2020 16:00:00,3285.57,3285.57,3229.1,3281.06,0
9/22/2020 16:00:00,3295.75,3320.31,3270.95,3315.57,0
9/23/2020 16:00:00,3320.11,3323.35,3232.57,3236.92,0
9/24/2020 16:00:00,3226.14,3278.7,3209.45,3246.59,0
9/25/2020 16:00:00,3236.66,3306.88,3228.44,3298.46,0
9/28/2020 16:00:00,3333.9,3360.74,3332.91,3351.6,0
9/29/2020 16:00:00,3350.92,3357.92,3327.54,3335.47,0
9/30/2020 16:00:00,3341.21,3393.56,3340.47,3363,0
10/1/2020 16:00:00,3385.87,3397.18,3361.39,3380.8,0
10/2/2020 16:00:00,3338.94,3369.1,3323.69,3348.44,0
10/5/2020 16:00:00,3367.27,3409.57,3367.27,3408.63,0
10/6/2020 16:00:00,3408.74,3431.56,3354.54,3360.95,0
10/7/2020 16:00:00,3384.56,3426.26,3384.56,3419.45,0
10/8/2020 16:00:00,3434.28,3447.28,3428.15,3446.83,0
10/9/2020 16:00:00,3459.67,3482.34,3458.07,3477.13,0
10/12/2020 16:00:00,3500.02,3549.85,3499.61,3534.22,0
10/13/2020 16:00:00,3534.01,3534.01,3500.86,3511.93,0
10/14/2020 16:00:00,3515.47,3527.94,3480.55,3488.67,0
10/15/2020 16:00:00,3453.72,3489.08,3440.89,3483.34,0
10/16/2020 16:00:00,3493.5,3515.76,3480.45,3483.81,0
10/19/2020 16:00:00,3493.66,3502.42,3419.93,3426.92,0
10/20/2020 16:00:00,3439.38,3476.93,3435.65,3443.12,0
10/21/2020 16:00:00,3439.91,3464.86,3433.06,3435.56,0
10/22/2020 16:00:00,3438.5,3460.53,3415.34,3453.49,0
10/23/2020 16:00:00,3464.9,3466.46,3440.45,3465.39,0
10/26/2020 16:00:00,3441.42,3441.42,3364.86,3400.97,0
10/27/2020 16:00:00,3403.15,3409.51,3388.71,3390.68,0
10/28/2020 16:00:00,3342.48,3342.48,3268.89,3271.03,0
10/29/2020 16:00:00,3277.17,3341.05,3259.82,3310.11,0
10/30/2020 16:00:00,3293.59,3304.93,3233.94,3269.96,0
11/2/2020 16:00:00,3296.2,3330.14,3279.74,3310.24,0
11/3/2020 16:00:00,3336.25,3389.49,3336.25,3369.02,0
11/4/2020 16:00:00,3406.46,3486.25,3405.17,3443.44,0
11/5/2020 16:00:00,3485.74,3529.05,3485.74,3510.45,0
11/6/2020 16:00:00,3508.34,3521.58,3484.34,3509.44,0
11/9/2020 16:00:00,3583.04,3645.99,3547.48,3550.5,0
11/10/2020 16:00:00,3543.26,3557.22,3511.91,3545.53,0
11/11/2020 16:00:00,3563.22,3581.16,3557,3572.66,0
11/12/2020 16:00:00,3562.67,3569.02,3518.58,3537.01,0
11/13/2020 16:00:00,3552.57,3593.66,3552.57,3585.15,0
11/16/2020 16:00:00,3600.16,3628.51,3600.16,3626.91,0
11/17/2020 16:00:00,3610.31,3623.11,3588.68,3609.53,0
11/18/2020 16:00:00,3612.09,3619.09,3567.33,3567.79,0
11/19/2020 16:00:00,3559.41,3585.22,3543.84,3581.87,0
11/20/2020 16:00:00,3579.31,3581.23,3556.85,3557.54,0
11/23/2020 16:00:00,3566.82,3589.81,3552.77,3577.59,0
11/24/2020 16:00:00,3594.52,3642.31,3594.52,3635.41,0
11/25/2020 16:00:00,3635.5,3635.5,3617.76,3629.65,0
11/27/2020 13:00:00,3638.55,3644.31,3629.33,3638.35,0
11/30/2020 16:00:00,3634.18,3634.18,3594.39,3621.63,0
12/1/2020 16:00:00,3645.87,3678.45,3645.87,3662.45,0
12/2/2020 16:00:00,3653.78,3670.96,3644.84,3669.01,0
12/3/2020 16:00:00,3668.28,3682.73,3657.17,3666.72,0
12/4/2020 16:00:00,3670.94,3699.2,3670.94,3699.12,0
12/7/2020 16:00:00,3694.73,3697.41,3678.88,3691.96,0
12/8/2020 16:00:00,3683.05,3708.45,3678.83,3702.25,0
12/9/2020 16:00:00,3705.98,3712.39,3660.54,3672.82,0
12/10/2020 16:00:00,3659.13,3678.49,3645.18,3668.1,0
12/11/2020 16:00:00,3656.08,3665.91,3633.4,3663.46,0
12/14/2020 16:00:00,3675.27,3697.61,3645.84,3647.49,0
12/15/2020 16:00:00,3666.41,3695.29,3659.62,3694.62,0
12/16/2020 16:00:00,3696.25,3711.27,3688.57,3701.17,0
12/17/2020 16:00:00,3713.65,3725.12,3710.87,3722.48,0